Consultas principales,Clics,Impresiones,CTR,Posición
desatascos bejar,3,12,25%,10.58
electricista 24 horas cerca de mi,1,8,12.5%,9.62
desatascos 24 horas las palmas,0,65,0%,59.28
desatascos 24 horas,0,56,0%,32.64
desatascos sant cugat,0,56,0%,72.34
desatascos urgentes,0,53,0%,20.21
desatascos badalona,0,38,0%,88.03
electricista 24 horas,0,37,0%,36.86
desatascos castellar,0,35,0%,58.63
desatascos iniesta,0,31,0%,18.71
electricista de urgencias,0,31,0%,36.58
electricista urgencias palma de mallorca,0,31,0%,100
desatascos balaguer,0,30,0%,35.9
desatascos mora,0,30,0%,39.73
desatascos alcora,0,30,0%,46.87
desatascos mostoles,0,30,0%,64.03
desatascos guarena,0,28,0%,36.57
cerrajeros betanzos,0,28,0%,40.07
fontanero urgente desatascos mallorca,0,28,0%,63.39
desatascos sant cugat del valles,0,28,0%,64.5
desatascos granollers,0,28,0%,83.36
desatascos algeciras,0,26,0%,45.62
desatascos pollença,0,26,0%,48.92
desatascos san sebastian,0,26,0%,66.77
desatascos caceres,0,25,0%,65.32
cerrajero en aviles,0,25,0%,78.44
desatascos huelves,0,24,0%,28.04
desatascos martorell,0,24,0%,44.54
desatascos almenara,0,24,0%,56.29
cerrajero vendrell,0,24,0%,71.83
desatascos sabadell,0,24,0%,83.92
desatascos siguenza,0,23,0%,5.74
electricista en ezcaray,0,23,0%,9.65
desatascos cuellar,0,23,0%,22.87
desatascos lleida,0,23,0%,68.78
desatascos rubi,0,23,0%,72.83
desatascos hospitalet de llobregat,0,23,0%,76.87
desatascos motilla del palancar,0,22,0%,7.23
desatascos mota del cuervo,0,22,0%,14.55
desatascos cervera,0,22,0%,26.5
desatascos cabeza del buey,0,22,0%,27.91
desatascos palamos,0,22,0%,52.59
desatascos urgentes las palmas,0,22,0%,65.41
cerrajero calafell,0,22,0%,72.59
desatascos requena,0,22,0%,75.95
reparacion de calderas en moratalaz,0,22,0%,90.59
fontanero en navezuelas,0,21,0%,17.33
desatascos pineda de mar,0,21,0%,28.76
desatascos olivenza,0,21,0%,42.29
desatascos sant andreu de la barca,0,21,0%,44.57
desatascos alcala de xivert,0,21,0%,45.48
desatascos puebla de la calzada,0,21,0%,49.57
desatascos manacor,0,21,0%,50.71
desatascos monteagudo,0,21,0%,54.52
desatascos zamora,0,21,0%,56.38
desatascos montalbo,0,21,0%,62.86
cerrajero reus,0,21,0%,74.95
servicio de desatascos en palma de mallorca,0,21,0%,96.48
cerrajero cabanas,0,20,0%,18.7
desatascos merida,0,20,0%,63
cerrajeros el vendrell,0,20,0%,69.45
cerrajeros la corredoria,0,19,0%,12.21
electriciasta 24 horas gijon,0,19,0%,13.42
cerrajero as pontes de garcía rodríguez,0,19,0%,14.53
cerrajero riudoms,0,19,0%,24.84
electricista urgente,0,19,0%,36.89
desatascos el masnou,0,19,0%,44.32
fontanero urgente castellon,0,19,0%,49.95
desatasco sant cugat,0,19,0%,66.47
cerrajero aviles,0,19,0%,68.89
desatascos alcorcon,0,19,0%,76.11
cerrajero urgente la riba,0,18,0%,6.22
desatascos jimena de la frontera,0,18,0%,28.33
desatascos montornes,0,18,0%,34
desatascos valverde,0,18,0%,61.61
fontanero desatascos palma de mallorca,0,18,0%,67.56
fontaneros a domicilio palma de mallorca,0,18,0%,85.89
desatascos sant marti de tous,0,18,0%,90.94
desatascos boiro,0,17,0%,4.88
desatascos albox,0,17,0%,7.59
desatascos almassora,0,17,0%,20.24
desatascos olvera,0,17,0%,21.65
cerrajero pontedeume,0,17,0%,24.53
desatascos torrejoncillo del rey,0,17,0%,28.12
electricistas 24 horas,0,17,0%,37.47
desatascos san vicente de alcantara,0,17,0%,45.06
desatascos bornos,0,17,0%,49.41
desatascos madridejos,0,17,0%,50.47
fontanero urgente desatascos palma de mallorca,0,17,0%,52.41
desatascos esporles,0,16,0%,3.69
desatascos belmonte,0,16,0%,9
desatascos la mojonera,0,16,0%,9.25
desatascos bonares,0,16,0%,11.25
desatascos alcarras,0,16,0%,16.31
cerrajero en esporles,0,16,0%,20.88
cerrajero en riudoms,0,16,0%,24
cerrajero melide,0,16,0%,27.56
cerrajero abegondo,0,16,0%,34.25
cerrajero betanzos,0,16,0%,40.19
desatascos montemayor,0,16,0%,42.62
cerrajero laxe,0,16,0%,43.31
cerrajero irixoa,0,16,0%,43.62
desatascos en arrecife,0,16,0%,53.69
fontanero urgencias zaragoza,0,16,0%,62.5
desatascos donostia,0,16,0%,65.56
desatascos en urbanizaciones,0,16,0%,68.06
cerrajeros ferrol,0,16,0%,73.56
cerrajeros reus,0,16,0%,82
fontaneros particulares en palma,0,16,0%,90.12
desatascos minglanilla,0,15,0%,3.8
desatascos huete,0,15,0%,4.93
desatascos rociana del condado,0,15,0%,6.13
desatascos monforte de lemos,0,15,0%,9.73
desatascos en son servera,0,15,0%,9.87
desatascos aroches,0,15,0%,10.2
cerrajero urgente en riudoms,0,15,0%,11.87
desatascos,0,15,0%,19.8
cerrajero la riba,0,15,0%,33
cerrajero carnota,0,15,0%,45.6
desatascos cuenca,0,15,0%,55.53
desatascos reus,0,15,0%,57.53
desatascos cerdanyola,0,15,0%,63.07
cerrajeros 24 horas segovia,0,15,0%,65.33
desatascos logrono,0,15,0%,66.87
desatascos alfahuir,0,14,0%,3.93
desatascos mesegar de tajo,0,14,0%,4.93
arreglo calderas 24 horas,0,14,0%,13.79
cerrajero santa comba,0,14,0%,19.57
cerrajero en artà,0,14,0%,19.86
cerrajero en segorbe,0,14,0%,21.43
desatascos la roda,0,14,0%,25.93
cerrajero en sant llorenç des cardassar,0,14,0%,27.36
desatascos ribarroja,0,14,0%,28.64
electricista de emergencia murcia,0,14,0%,33.64
cerrajero 24 horas,0,14,0%,37.21
cerrajero en hospitalet de l'infant,0,14,0%,39.93
cerrajero en salinas,0,14,0%,40.5
fontanero 24 horas palma,0,14,0%,41.79
desatascos trujillo,0,14,0%,43
desatascos almansa,0,14,0%,43.43
cerrajero mazaricos,0,14,0%,45.5
desatascos arcos de la frontera,0,14,0%,45.86
desatascos casasimarro,0,14,0%,49.5
desatascos san cristobal de la laguna,0,14,0%,51.64
desatascos en reus,0,14,0%,61.36
desatascos urgentes palma de mallorca,0,14,0%,65.43
desatascos los santos de maimona,0,14,0%,65.57
desatascos urgentes palma,0,14,0%,77.64
fontaneros en palma de mallorca,0,14,0%,101.29
desatascos las mesas,0,13,0%,2.46
desatascos madrigueras,0,13,0%,5.08
desatascos algaida,0,13,0%,6
desatascos jerez de los caballeros,0,13,0%,7.15
desatascos alguazas,0,13,0%,8.31
desatascos villalonga,0,13,0%,9.31
desatascos masquefa,0,13,0%,11.23
desatascos monforte del cid,0,13,0%,18.69
desatascos arenys de mar,0,13,0%,19.92
cerrajero en artana,0,13,0%,20.31
cerrajero urgente en picamoixons,0,13,0%,28.46
cerrajero en alcalà de xivert,0,13,0%,29.69
desatascos barbate,0,13,0%,32.31
electricista de urgencia,0,13,0%,36.46
desatascos alboraya,0,13,0%,36.69
cerrajero picamoixons,0,13,0%,41.23
desatascos donosti,0,13,0%,41.62
cerrajero 24 horas ciudad real,0,13,0%,43
desatascos los barrios,0,13,0%,44
desatascos mislata,0,13,0%,45.08
desatascos el pinar,0,13,0%,48.31
desatascos alcoy,0,13,0%,50.69
desatascos cambrils,0,13,0%,51.92
desatascos y limpiezas trillo,0,13,0%,58.54
desatascos manresa,0,13,0%,62.77
calderas hortaleza,0,13,0%,63.92
electricista urgente madrid,0,13,0%,65.62
desatascos vitoria,0,13,0%,68.85
cerrajeros nou barris,0,13,0%,75.23
desatascos san clemente,0,13,0%,76.92
cerrajero oviedo,0,13,0%,79.08
desatascos ciudad real,0,13,0%,79.08
desatascos badajoz,0,13,0%,84.46
fontanero palma de mallorca,0,13,0%,103.46
fontanero palma,0,13,0%,114
desatascos carmena,0,12,0%,2.42
desatascos alhama de granada,0,12,0%,4.67
desatascos sisante,0,12,0%,5.42
desatascos arta,0,12,0%,9.25
cerrajero barato guadalajara,0,12,0%,11.42
electricista en atalaya,0,12,0%,13.92
desatascos villafranca de los barros,0,12,0%,15.33
cerrajero,0,12,0%,16.67
cerrajero en capdepera,0,12,0%,19.42
cerrajero en sant mateu,0,12,0%,20.67
desatascos molins de rei,0,12,0%,24.5
cerrajero en porreres,0,12,0%,24.83
cerrajero en la riba,0,12,0%,25.08
cerrajero almenara,0,12,0%,27
fontanero 24 horas,0,12,0%,29.17
desatascos altea,0,12,0%,31.08
cerrajero urgente,0,12,0%,33.25
cerrajero dodro,0,12,0%,34.25
desatascos moguer,0,12,0%,36.08
desatascos canet,0,12,0%,38
montajes eléctricos en ezcaray,0,12,0%,42.42
fontanero urgente desatasascos palma de mallorca,0,12,0%,45.25
cerrajero en picamoixons,0,12,0%,45.42
desatascos irun,0,12,0%,49
desatascos arnedo,0,12,0%,49.83
desatascos chinchilla de monte-aragon,0,12,0%,51.25
desatascos alonso,0,12,0%,56.33
cerrajero urgente calafell,0,12,0%,61
desatascos najera,0,12,0%,62
desatascos ubrique,0,12,0%,63.92
cerrajeros avila,0,12,0%,64
desatascos la seu d'urgell,0,12,0%,65.08
cerrajeros 24 horas reus,0,12,0%,66.08
desatascos albacete,0,12,0%,68.33
cerrajeros valladolid,0,12,0%,72.92
desatascos coruña,0,12,0%,77.75
desatascos palma de mallorca,0,12,0%,79.08
desatascos cornella de llobregat,0,12,0%,85.83
desatascos orihuela,0,12,0%,85.83
desatascos mallorca,0,12,0%,85.92
cerrajeros agua amarga,0,11,0%,1.82
desatascos costa calma,0,11,0%,2.91
desatrancos aldeavieja,0,11,0%,6.82
el tiempo en correntías bajas,0,11,0%,10.36
desatrancos 24 horas palencia,0,11,0%,10.91
electricista 24 horas santiago de compostela,0,11,0%,12.82
desatascos campanario,0,11,0%,19.91
desatascos casas-ibanez,0,11,0%,24.18
desatascos galdar,0,11,0%,26.55
desemboces en cerdanyola,0,11,0%,32
desatascos consuegra,0,11,0%,33.91
desatascos plasencia,0,11,0%,34.45
desatascos oropesa,0,11,0%,37.73
desatascos haro,0,11,0%,38.36
desatascos sagunto,0,11,0%,42.73
desatascos zalamea la real,0,11,0%,43
desatascos montijo,0,11,0%,43.36
desatascos arroyomolinos,0,11,0%,48.09
cerrajeros valladolid 24 horas,0,11,0%,59.64
fontanero 24 horas ourense,0,11,0%,61.45
desatascos burgos,0,11,0%,63.73
electricista urgente cordoba,0,11,0%,64.36
servicio urgente de cerrajería en palma de mallorca,0,11,0%,64.55
desatascos santa coloma de gramenet,0,11,0%,66.82
cerrajero 24 horas reus,0,11,0%,67
desatascos urgentes la coruna,0,11,0%,67.82
cerrajero nou barris,0,11,0%,73.18
cerrajeros aviles,0,11,0%,73.18
cerrajero en oviedo,0,11,0%,75.91
cerrajero valls,0,11,0%,77.27
cerrajero pineda de mar,0,11,0%,84.18
desatascos nerpio,0,10,0%,2.3
desatascos xalo,0,10,0%,3.4
desatascos port de la selva,0,10,0%,4.3
desatascos villaseca de la sagra,0,10,0%,6.1
desatascos barajas de melo,0,10,0%,7.5
desatascos santo domingo de la calzada,0,10,0%,9.6
desatascos trebujena,0,10,0%,9.8
cerrajeros enix,0,10,0%,11.4
desatascos algodonales,0,10,0%,12.7
desatascos garachico,0,10,0%,12.9
cerrajero somozas,0,10,0%,14
cerrajeros berja,0,10,0%,16
desatascos monzón,0,10,0%,16.6
cerrajero en campos,0,10,0%,17.3
cerrajero de urgencia,0,10,0%,17.7
desatascos torrijos,0,10,0%,18.3
reparacion calderas 24 horas,0,10,0%,18.6
calderas latina,0,10,0%,24.5
desatascos la puebla de montalban,0,10,0%,25.9
cerrajero en la vall d'uixó,0,10,0%,26.3
cerrajero en alaró,0,10,0%,26.4
cerrajero en tavernes de la valldigna,0,10,0%,26.6
desatascos ocana,0,10,0%,35.1
desatascos ripollet,0,10,0%,37.5
cerrajero en l'alcora,0,10,0%,41
fontaneros 24 horas castellon,0,10,0%,41.3
cerrajero vilarmaior,0,10,0%,46.5
desatascos tarazona,0,10,0%,50.3
fontaneros urgentes palma de mallorca,0,10,0%,52.4
cerrajero urgente palma de mallorca,0,10,0%,54.9
cerrajeros bonalba,0,10,0%,55.6
calderas retiro,0,10,0%,57.5
calderas chamberí,0,10,0%,58.2
cerrajeros oviedo 24 horas,0,10,0%,60.3
desatascos moraleja,0,10,0%,61.4
desatascos en cerdanyola,0,10,0%,63.2
desatascos sonseca,0,10,0%,65
desatascos talavera la real,0,10,0%,67.3
electricista urgente malaga,0,10,0%,67.6
cerrajeros aviles 24 horas,0,10,0%,72.9
cerrajero avila 24 horas,0,10,0%,73
desatascos valladolid,0,10,0%,74.3
desatascos getafe,0,10,0%,74.4
desatascos buenavista del norte,0,10,0%,74.8
electricista urgencia madrid,0,10,0%,75.2
cerrajero barato reus,0,10,0%,77.7
fontanero majadahonda,0,10,0%,78.7
cerrajero urgente en miami playa,0,10,0%,84
cerrajero urgente miami playa,0,10,0%,84.6
desatascos astorga,0,10,0%,86.1
desatascos en las palmas,0,10,0%,89.9
electricistas en benidorm,0,10,0%,90.9
fontanero en palma de mallorca,0,10,0%,92.3
desatascos calanas,0,9,0%,3.33
desatascos empuriabrava,0,9,0%,7.33
desatascos las pedroneras,0,9,0%,8.78
desatascos manlleu,0,9,0%,9.67
desatascos aceuchal,0,9,0%,9.78
desatascos san juan del puerto,0,9,0%,11
cerrajero retamar,0,9,0%,12.89
desatascos aljaraque,0,9,0%,16.89
desatascos villarreal,0,9,0%,17.56
electricista 24h,0,9,0%,27.33
cerrajero en algaida,0,9,0%,29
cerrajeros urgencia aviles,0,9,0%,31.56
desatascos urgentes oviedo,0,9,0%,32.89
desatascos toro,0,9,0%,34.56
fontaneros de urgencias 24 horas,0,9,0%,36.11
cerrajero urgente hospitalet de l'infant,0,9,0%,37.22
desatascos caudete,0,9,0%,37.22
desatascos almonte,0,9,0%,38.44
desatascos ourense,0,9,0%,40.78
desatascos horquera,0,9,0%,44.67
aviles cerrajero urgente 24 horas,0,9,0%,45
desatascos castuera,0,9,0%,45.33
fontaneros vigo 24 horas,0,9,0%,50.33
desatascos villalva del alcor,0,9,0%,51.78
desatascos segovia,0,9,0%,52.11
desatascos olesa de montserrat,0,9,0%,53.22
desatascos niebla,0,9,0%,56.22
desatascos picanya,0,9,0%,56.78
desatascos calafell,0,9,0%,57.11
desatascos en lleida,0,9,0%,58.44
electricistas urgentes girona,0,9,0%,61.44
desatascos 24horas badajoz,0,9,0%,62
desatascos guimar,0,9,0%,62.11
desatasco urgente tarragona,0,9,0%,63
cerrajero urgente 24 horas economico en toledo,0,9,0%,63.56
cerrajero 24 horas palma de mallorca,0,9,0%,63.78
desatascos almeria,0,9,0%,64.56
desatascos cerdanyola del valles,0,9,0%,65
desatascos arrecife,0,9,0%,65.22
desatascos hospitalet llobregat,0,9,0%,65.89
electricista palafrugell,0,9,0%,66
cerrajero 24 horas santiago,0,9,0%,66.56
calderas tetuán,0,9,0%,69.11
cerrajero de urgencia mallorca,0,9,0%,71.11
desatascos benidorm,0,9,0%,71.33
alcantarillado binéfar,0,9,0%,72
cerrajero el vendrell,0,9,0%,73
fontanero en arrecife,0,9,0%,73.67
cerrajeros segovia,0,9,0%,74.44
desatascos tortosa,0,9,0%,78.11
cerrajeros avilés,0,9,0%,81.89
desatascos coria,0,9,0%,85.67
cerrajero 24 horas tarragona,0,9,0%,87.11
desatascos bilbao,0,9,0%,88.11
cerrajero 24 horas sevilla,0,9,0%,92.44
desatascos catarroja,0,9,0%,92.67
desatasco nerpio,0,8,0%,2.75
desatascos argamasilla de alba,0,8,0%,3
desatascos hinojos,0,8,0%,3
desatascos omet,0,8,0%,3
limpieza de tuberías de alcantarillado aldeavieja,0,8,0%,3.25
desatascos calanda,0,8,0%,3.5
desatascos montalban de cordoba,0,8,0%,3.5
desatascos palau-saverdera,0,8,0%,3.75
desatascos moreda,0,8,0%,4
desatascos bonete,0,8,0%,4.25
desatascos alcorisa,0,8,0%,4.38
desatascos albunol,0,8,0%,4.5
desatascos en ribadeo,0,8,0%,4.88
desatascos dona mencia,0,8,0%,5
desatascos portbou,0,8,0%,5
desatascos odena,0,8,0%,5.25
desatascos garriguella,0,8,0%,5.88
desatascos fuente palmera,0,8,0%,6
desatascos ampuria brava,0,8,0%,6.5
desatascos pulianas,0,8,0%,6.62
desatascos bandujo,0,8,0%,7.12
desatascos pinos puente,0,8,0%,7.25
desatascos huelma,0,8,0%,7.38
desatascos ayora,0,8,0%,8.25
desatranques pinos puente,0,8,0%,8.62
desatascos cenes de la vega,0,8,0%,8.88
desatascos el grove,0,8,0%,8.88
destascos casas-ibañez,0,8,0%,10.75
desatascos sax,0,8,0%,10.88
desatascos de alcantarillado pelayos de la presa,0,8,0%,11.75
desatascos binéfar,0,8,0%,12.75
electricista rocafort,0,8,0%,14.12
desatascos de alcantarillado becerril de la sierra,0,8,0%,15.38
calderas montalbán,0,8,0%,16.88
cerrajero porreres,0,8,0%,17
cerrajero artana,0,8,0%,19.62
desatascos onda,0,8,0%,20
desatascos benavente,0,8,0%,20.12
electricista para reparaciones eléctricas en rocafort,0,8,0%,20.12
desatascos vila-seca,0,8,0%,21.38
cerrajero mugardos,0,8,0%,22
desatascos tomelloso,0,8,0%,22.38
desatascos madrigalejos,0,8,0%,22.88
desatascos la garriga,0,8,0%,23.75
electricista en castillejos,0,8,0%,34.5
desatascos pineda,0,8,0%,36.75
fontaneros 24 horas santiago de compostela,0,8,0%,38.25
fontanero urgente palma de mallorca,0,8,0%,39.12
desatascos aguilas,0,8,0%,40.25
fontanero 24h castellon,0,8,0%,42.75
cerrajero hospitalet de l'infant,0,8,0%,47.12
desatascos sant andreu,0,8,0%,48.75
cerrajero económico palma de mallorca,0,8,0%,51.75
electricista 24 horas zaragoza,0,8,0%,52.75
desatascos llerena,0,8,0%,53
desatascos vilassar de mar,0,8,0%,54.75
desatascos calella,0,8,0%,55.25
cerrajeros luanco,0,8,0%,55.38
cerrajeros argentona,0,8,0%,56.75
cerrajero urgente aviles,0,8,0%,59
cerrajero barato palma de mallorca,0,8,0%,59.38
desatascos pinto,0,8,0%,61.25
desatascos villamayor,0,8,0%,62.5
desatascos sant quirze del valles,0,8,0%,62.62
desatascos tolosa,0,8,0%,64.62
desatascos albaida,0,8,0%,65.38
electricistas en teruel,0,8,0%,69.12
desatascos segorbe,0,8,0%,74.38
cerrajero langreo,0,8,0%,76.5
desatascos cornella,0,8,0%,77.5
desatascos la baneza,0,8,0%,78
cerrajero urgente girona,0,8,0%,78.25
desatascos urgentes zaragoza,0,8,0%,79.25
desatascos vinaros,0,8,0%,79.75
desatascos torrevieja,0,8,0%,82.38
desatascos jerez de la frontera,0,8,0%,85.12
desatascos teguise,0,8,0%,86.38
cerrajeros 24h reus,0,8,0%,86.88
cerrajero almeria,0,8,0%,87.88
desatascos las palmas,0,8,0%,88.62
cerrajeros almeria,0,8,0%,89.25
fontanero en lanzarote,0,8,0%,91.12
cerrajero urgente montroig,0,8,0%,92.38
cerrajeros en almeria,0,8,0%,95.5
desatascos coslada,0,8,0%,95.62
desatascos alcanices,0,7,0%,2.86
desatascos palau savardera,0,7,0%,3.14
desatascos calañas,0,7,0%,3.29
desatascos mahora,0,7,0%,3.57
desatascos adamuz,0,7,0%,4
desatascos iznalloz,0,7,0%,4.43
desatascos poyo,0,7,0%,4.71
desatascos arboleas,0,7,0%,5
desatascos alfacar,0,7,0%,5.29
desatascos carambolo,0,7,0%,5.43
desatascos guijuelo,0,7,0%,5.57
desatascos villamediana de iregua,0,7,0%,5.86
desatascos pola de lena,0,7,0%,6
desatascos port bou,0,7,0%,6.14
desatranques orgiva,0,7,0%,6.43
desatascos lalin,0,7,0%,7
desatascos guissona,0,7,0%,7.86
desatranques pulianas,0,7,0%,7.86
desatascos cullar vega,0,7,0%,8
desatranques cenes,0,7,0%,8
desatascos el albir,0,7,0%,8.14
desatascos santa maria de los llanos,0,7,0%,8.14
desatascos marmolejo,0,7,0%,8.43
desatascos peal de becerro,0,7,0%,8.71
desatascos la estrada,0,7,0%,8.86
desatascos quesada,0,7,0%,8.86
desatascos herencia,0,7,0%,9
desatascos puebla de alfinden,0,7,0%,9.29
cerrajero en estellencs,0,7,0%,9.57
desatascos la campana,0,7,0%,9.86
cerrajero en alcàsser,0,7,0%,10.43
desatascos can picafort,0,7,0%,10.86
cerrajero banyalbufar,0,7,0%,11.14
desatascos durcal,0,7,0%,11.43
desatascos ceuti,0,7,0%,11.71
desatascos renteria,0,7,0%,12
mantenimiento de calderas en cintruenigo,0,7,0%,12.29
desatascos el altet,0,7,0%,12.57
mantenimiento de calderas en corella,0,7,0%,12.71
servicio técnico de electricidad para pequeñas averías en rocafort,0,7,0%,13.14
desatascos aranda de duero,0,7,0%,13.86
desatascos arevalo,0,7,0%,14.29
cerrajeros 24 horas,0,7,0%,14.57
desatascos lardero,0,7,0%,15.57
desatascos almodovar del campo,0,7,0%,16.14
limpieza tuberias la garriga,0,7,0%,16.86
cerrajeros retamar,0,7,0%,17.14
electricista en montgat,0,7,0%,18
desatascos bembibre,0,7,0%,21.29
electricistas para averías en pisos en rocafort,0,7,0%,21.29
cerrajero agua amarga,0,7,0%,22.57
cerrajero algaida,0,7,0%,26.86
desatascos los palacios y villafranca,0,7,0%,27
cerrajero la vall d'uixó,0,7,0%,27.29
cerrajero en xilxes,0,7,0%,27.57
cerrajero en palomas,0,7,0%,29
cerrajería de urgencias,0,7,0%,29.14
reparaciones eléctricas en rocafort,0,7,0%,29.57
fontanero 24 horas santiago de compostela,0,7,0%,30
cerrajero segorbe,0,7,0%,30.43
empresa de electricidad en rocafort,0,7,0%,33.29
cerrajero balanegra,0,7,0%,34.43
cerrajero en peñíscola,0,7,0%,35
servicios de electricista para baja tensión en rocafort,0,7,0%,35.14
desatascos calamonte,0,7,0%,35.29
desatascos lepe,0,7,0%,35.29
desatascos figueres,0,7,0%,36.57
cerrajeros garrucha,0,7,0%,37.71
cerrajero arcos,0,7,0%,38
electricista urgente badajoz,0,7,0%,39.43
cerrajeros el rabal,0,7,0%,40.14
cerrajero en almenara,0,7,0%,40.86
electricista urgencia mallorca,0,7,0%,43.14
cerrajero lousame,0,7,0%,43.43
cerrajero llíria,0,7,0%,43.86
cerrajero de urgencia en aviles,0,7,0%,45.43
cerrajeros 24h aviles,0,7,0%,46.29
desatascos benejuzar,0,7,0%,46.71
cerrajero ecija,0,7,0%,47.14
desatascos sant vicenç dels horts,0,7,0%,49.71
desatascos la loma,0,7,0%,49.86
desatascos olot,0,7,0%,50.29
cambio de cerraduras urgente,0,7,0%,50.71
desatascos palafrugell,0,7,0%,50.86
comprar calderas montalbán,0,7,0%,51
electricista en priaranza del bierzo,0,7,0%,52.57
electricista para instalaciones de baja tensión en rocafort,0,7,0%,53.71
desatrancos urgentes 24 horas gatika,0,7,0%,55.71
reparacion caldera leon,0,7,0%,55.71
desatascos urgentes en córdoba,0,7,0%,56.57
desatascos ponferrada,0,7,0%,56.71
cerrajeros pola de siero,0,7,0%,56.86
desatascos aracena,0,7,0%,57.86
fontanero 24 horas mallorca,0,7,0%,57.86
desatascos avila,0,7,0%,59
electricista urgencias las 24 hs,0,7,0%,59
reparacion urgente 24 horas,0,7,0%,60.57
electricista soria,0,7,0%,61
desatascos tarazona de la mancha,0,7,0%,61.29
desatasco girona,0,7,0%,61.57
cerrajeros en oviedo,0,7,0%,61.86
desatascos mollerussa,0,7,0%,65.43
desatascos ferez,0,7,0%,65.86
desatascos prado del rey,0,7,0%,67.29
desatascos sant vicenc dels horts,0,7,0%,68.71
desatascos montornes del valles,0,7,0%,70.14
electricista 24 horas en madrid,0,7,0%,70.43
desatascos oviedo,0,7,0%,71.14
cerrajero a domicilio en zaragoza,0,7,0%,71.86
desatascos terrassa,0,7,0%,73
desatascos pozuelo de alarcon,0,7,0%,74.57
electricistas baratos tarragona,0,7,0%,75
fontaneros linares,0,7,0%,77.43
cerrajeros 24h camp arpa,0,7,0%,78.29
cerrajero la pineda,0,7,0%,80.57
cerrajeros baratos tetuan madrid,0,7,0%,81
desatascos casarrubios del monte,0,7,0%,82.29
fontaneros barakaldo,0,7,0%,82.43
instalaciones eléctricas corral de almoguer,0,7,0%,83
fontanero las rozas,0,7,0%,83.43
desatascos cala d'or,0,7,0%,83.71
cerrajero palma precio,0,7,0%,84.14
cerrajeros palma de mallorca,0,7,0%,84.14
desatascos guia de isora,0,7,0%,84.71
cerrajero sevilla 24 horas,0,7,0%,84.86
cerrajero guinardo,0,7,0%,85.57
cerrajeros en reus,0,7,0%,86.43
desatascos benicarlo,0,7,0%,90.14
cerrajero 24 horas sabadell,0,7,0%,90.57
fontanero aviles,0,7,0%,94.57
cerrajeros molins de rei,0,7,0%,95.14
tecnico electricista palma de mallorca,0,7,0%,146.57
desatascos el hito,0,6,0%,2.17
desatascos la papiola,0,6,0%,4
desatascos alcabón,0,6,0%,4.33
desatranques albunol,0,6,0%,4.67
desatascos cajar,0,6,0%,5.17
desatascos betxi,0,6,0%,5.67
desatascos entrambasaguas,0,6,0%,5.67
desatascos alameda,0,6,0%,6
desatascos villamediana,0,6,0%,6
desatascos bujalance,0,6,0%,6.5
desatascos zizur mayor,0,6,0%,7
desatranques marmolejo,0,6,0%,7.5
cerrajero consell,0,6,0%,8.17
cerrajer,0,6,0%,8.5
desatascos castello d'empuries,0,6,0%,9
desatranques beas de segura,0,6,0%,9
desatascos en borja,0,6,0%,9.33
desatrancos riaza,0,6,0%,9.33
mantenimiento de calderas en olite,0,6,0%,9.5
desatascos andorra,0,6,0%,9.83
desatascos saldana,0,6,0%,9.83
desatascos 24h palencia,0,6,0%,10.33
desatascos san bartolome,0,6,0%,10.33
desatascos alocén,0,6,0%,10.67
electricistas lugo 24 horas,0,6,0%,10.67
cerrajero cullar vega,0,6,0%,10.83
desatascos atarfe,0,6,0%,10.83
desatascos villa de otura,0,6,0%,10.83
cerrajeros miranda,0,6,0%,11.33
desatrancos 24h palencia,0,6,0%,11.5
desatascos baratos zamora,0,6,0%,11.67
electricistas 24h en barrio el pardo,0,6,0%,11.67
cerrajero los palacios disponible,0,6,0%,12.17
desatascos blanca,0,6,0%,12.17
electricista urgencias,0,6,0%,12.33
servicio de fontanería urgente en malagón,0,6,0%,13
desatascos villanueva de la torre,0,6,0%,13.5
servicio urgente reparacion calderas,0,6,0%,14.17
servicio técnico de electricidad en rocafort,0,6,0%,15.5
técnico de electricidad para averías en rocafort,0,6,0%,16.33
desatascos valdilecha,0,6,0%,17.5
cerrajero palomas,0,6,0%,19.17
cerrajero benasque,0,6,0%,19.33
desatascos tiana,0,6,0%,20.67
cerrajero urgente cerca de mí,0,6,0%,22.33
cerrajero sant llorenç des cardassar,0,6,0%,22.5
cerrajero son servera,0,6,0%,23.17
limpieza tuberias molins de rei,0,6,0%,23.5
desatascos el espinar,0,6,0%,23.67
desatascos la union,0,6,0%,24.33
electricistas especializados en reparaciones en rocafort,0,6,0%,24.33
fontanero en malagón,0,6,0%,25.83
cerrajero alcalà de xivert,0,6,0%,26.67
servicios de electricistas para averías en rocafort,0,6,0%,26.67
reparaciones eléctricas en pisos en rocafort,0,6,0%,26.83
desatascos durango,0,6,0%,27.17
empresa de electricidad para viviendas en rocafort,0,6,0%,28.5
desatascos en infiesto,0,6,0%,28.67
desatascos villaescusa de haro,0,6,0%,28.67
cerrajero en granja de rocamora,0,6,0%,29.5
cerrajero en el calvari,0,6,0%,30.5
desatascos urgente oviedo,0,6,0%,31
calderas la rambla,0,6,0%,31.83
desatascos yuncos,0,6,0%,32.17
electricista para chalets en rocafort,0,6,0%,33.17
desatascos chipiona,0,6,0%,35.67
empresa de electricidad para particulares en rocafort,0,6,0%,36.83
fontaneros cuarte de huerva,0,6,0%,37.5
desatascos santiago de compostela,0,6,0%,39.17
fontanero urgente,0,6,0%,39.33
desatascos 24 horas mallorca,0,6,0%,41
desatascos soria,0,6,0%,41.83
calderas villa de vallecas,0,6,0%,42.17
desatascos alfaro,0,6,0%,42.5
cerrajero garrucha,0,6,0%,43.67
desatascos urgencia,0,6,0%,43.83
desatascos molins,0,6,0%,44.33
desatascos san bartolome de la torre,0,6,0%,45.5
cerrajero en luanco,0,6,0%,48.17
electricistas urgentes en pozuelo de alarcon,0,6,0%,48.17
electricistas santa coloma de gramanet,0,6,0%,50.17
calderas puente de vallecas,0,6,0%,52.33
desatascos moncofar,0,6,0%,52.5
cerrajero en atalaya,0,6,0%,54.17
reparaciones eléctricas en oficinas en rocafort,0,6,0%,54.5
fontaneros salou,0,6,0%,54.83
cerrajero gádor,0,6,0%,55.33
electricistas para averías en oficinas en bétera,0,6,0%,55.33
cerrajero 24 horas en vitoria,0,6,0%,55.83
cerrajeros pedralbes,0,6,0%,55.83
electricistas villafranca del castillo,0,6,0%,56.17
desatascos villalba del alcor,0,6,0%,56.5
desatascos sant quirze,0,6,0%,57.33
cerrajero amposta,0,6,0%,58.17
electricista a domicilio benidorm,0,6,0%,58.17
cerrajero níjar,0,6,0%,58.83
electricistas urgentes villafranca del castillo,0,6,0%,59
desatascos valdepenas,0,6,0%,59.67
electricista urgente creixell,0,6,0%,60.33
desatascos urgentes 24 horas,0,6,0%,60.5
fontanero sant andreu barcelona,0,6,0%,60.83
desatascos arafo,0,6,0%,61
desatascos alcazar del rey,0,6,0%,61.83
desatascos valverde del camino,0,6,0%,61.83
cerrajería urgente palma de mallorca,0,6,0%,62.33
desatascos redondela,0,6,0%,62.5
cerrajeros palleja,0,6,0%,63
desatasco lleida,0,6,0%,64.17
cerrajero 24 horas coruña,0,6,0%,65
cerrajeros coruña 24 horas,0,6,0%,65.5
cerrajeros en avilés,0,6,0%,65.5
servicio técnico de electricidad para pequeñas averías en bétera,0,6,0%,65.5
cerrajero en brea de tajo,0,6,0%,66.33
comprar calderas aguilar,0,6,0%,69
cerrajeros calafell,0,6,0%,71
cerrajero segovia,0,6,0%,71.83
desatascos leganes,0,6,0%,72
electricista para chalets en bétera,0,6,0%,72.33
fontanería para empresas en malagón,0,6,0%,72.5
desatascos de fregadero en lanzarote,0,6,0%,74.33
desatascos en granollers,0,6,0%,74.33
cerrajero santa margarita,0,6,0%,75
cerrajero zona baricentro,0,6,0%,75
cerrajeros gijón 24 horas,0,6,0%,76
cerrajero moncada,0,6,0%,76.5
instalaciones eléctricas corral de almaguer,0,6,0%,76.83
desatascos arges,0,6,0%,78
desatascos la coruña,0,6,0%,78.33
cerrajero urgente altafulla,0,6,0%,80.5
cerrajero vigo 24 horas,0,6,0%,81
desatascos urgentes 24 horas sestao,0,6,0%,82.17
desatascos el rosario,0,6,0%,82.67
cerrajeros tarragona 24 horas,0,6,0%,84.67
desatascos en lieres,0,6,0%,85.5
cerrajeros gava,0,6,0%,85.67
electricista 24 horas madrid,0,6,0%,85.83
cerrajeros baratos aviles,0,6,0%,89.5
desatascos granada,0,6,0%,90.33
cerrajero pamplona,0,6,0%,90.67
cerrajero urgente alcover,0,6,0%,96.67
desatascos la canalosa,0,5,0%,2.4
desatascos de alcantarillado aldeavieja,0,5,0%,2.6
desatascos fuentesauco,0,5,0%,3
desatascos montellano,0,5,0%,3.2
desatascos sant pere de riudebitlles,0,5,0%,3.8
desatascos sant pere de riudevitlles,0,5,0%,3.8
desatranques iznalloz,0,5,0%,4
mantenimiento de calderas en azagra,0,5,0%,4
desatascos fermoselle,0,5,0%,4.2
desatascos villalpando,0,5,0%,4.6
desatascos gran tarajal,0,5,0%,4.8
desatascos ondara,0,5,0%,5.8
electricistas sant iscle de vallalta,0,5,0%,6.4
desatascos cudillero,0,5,0%,7.2
desatascos el chaparral,0,5,0%,7.4
desatascos de alcantarillado riaza,0,5,0%,7.6
desatascos formentera del segura,0,5,0%,8
desatascos san jorge,0,5,0%,8
desatascos el carpio,0,5,0%,8.8
desatascos santa cruz de bezana,0,5,0%,8.8
mantenimiento de calderas en peralta,0,5,0%,9
desatascos de alcantarillado arévalo,0,5,0%,9.6
desatranques bailen,0,5,0%,9.6
desatascos tremp,0,5,0%,10.2
mantenimiento de calderas en buñuel,0,5,0%,11
desatranques cullar vega,0,5,0%,11.2
cerrajero esporles,0,5,0%,11.6
desatascos cervera de buitrago,0,5,0%,11.6
cerrajeros algoda,0,5,0%,11.8
desatascos carboneras,0,5,0%,11.8
desatascos torrelles de llobregat,0,5,0%,12
desatascos borja,0,5,0%,12.6
desatascos carbajosa de la sagrada,0,5,0%,12.6
fontaneros busot,0,5,0%,12.8
electricista en campamento,0,5,0%,13.6
desatascos valdelaguna,0,5,0%,13.8
electricista almenara,0,5,0%,14.8
reparacion de calderas 24 horas,0,5,0%,16.4
cerrajero berja,0,5,0%,17
reparacion urgente calderas,0,5,0%,17
fontanero en esquerra eixample,0,5,0%,17.6
cerrajero en montequinto,0,5,0%,18
desatascos en galdar,0,5,0%,18
desatascos la vall d'uxo,0,5,0%,18.4
electricistas para averías en bétera,0,5,0%,19.2
servicios de mantenimiento eléctrico en rocafort,0,5,0%,19.8
desatascos ciudad quesada,0,5,0%,20
electricistas para reparaciones en rocafort,0,5,0%,20.2
electricista vigo 24 horas,0,5,0%,20.4
cerrajero capdepera,0,5,0%,20.6
instaladores electricistas rocafort,0,5,0%,20.6
servicios de electricidad rocafort,0,5,0%,20.6
cerrajero en el rincón de ademuz,0,5,0%,20.8
fontanero en masquefa,0,5,0%,21.2
lampista en el raval,0,5,0%,21.2
electricistas para averías en rocafort,0,5,0%,21.6
electricista profesional de baja tensión en rocafort,0,5,0%,22
servicios de reparaciones eléctricas en rocafort,0,5,0%,22.2
desatascos en barbate,0,5,0%,22.4
cerrajero en busot,0,5,0%,23
cerrajero sant mateu,0,5,0%,23
cerrajero atalaya,0,5,0%,23.2
cerrajero en fuensanta,0,5,0%,24.4
cerrajero en benejúzar,0,5,0%,26
cerrajero en llucmajor,0,5,0%,27.2
desatascos ribarroja del turia,0,5,0%,27.4
desatascos alagon,0,5,0%,27.6
cerrajero artà,0,5,0%,28.6
desatascos villamalea,0,5,0%,28.6
cerrajero en son servera,0,5,0%,29.6
cerrajeros urgentes siero,0,5,0%,30.2
fontaneria urgencia,0,5,0%,30.2
electricista para reparaciones eléctricas en bétera,0,5,0%,30.8
fontanero en berga,0,5,0%,31.4
electricistas para averías en oficinas en rocafort,0,5,0%,32.4
cerrajero en simancas,0,5,0%,32.8
desatascos bonavista,0,5,0%,33.4
fontanero de urgencia 24 horas,0,5,0%,34.4
desatascos tobarra,0,5,0%,34.8
electricista emergencias,0,5,0%,35.4
cerrajero en meliana,0,5,0%,35.8
empresa de electricidad para pisos en rocafort,0,5,0%,35.8
cerrajeros balanegra,0,5,0%,36.8
desatascos azuaga,0,5,0%,37
desatascos ayamonte,0,5,0%,37.2
reparacion calderas sevilla,0,5,0%,39.2
cerrajeros 24 horas santiago de compostela,0,5,0%,39.6
urgencias electricistas 24 horas,0,5,0%,41.4
fontanero en l'ametlla del vallès,0,5,0%,41.8
cerrajero urgente barberà,0,5,0%,44.6
cerrajero a domicilio vigo,0,5,0%,45.6
cerrajeros redondela,0,5,0%,47
desatascos 24h en córdoba,0,5,0%,47.2
electricista urgente tenerife,0,5,0%,47.2
cerrajero en gilet,0,5,0%,47.6
fontanero 24 horas gijon,0,5,0%,47.6
reparación de pequeñas averías eléctricas en rocafort,0,5,0%,48.2
especialistas en desatascos urgentes en córdoba,0,5,0%,48.4
cerrajero de urgencia ecija,0,5,0%,48.8
cerrajero en chinchón,0,5,0%,48.8
desatascos palazuelos de eresma,0,5,0%,48.8
desatascos palencia,0,5,0%,49
desatascos pajara,0,5,0%,49.4
electricista de urgencias mallorca,0,5,0%,49.4
electricista 24 horas en murcia,0,5,0%,50.2
cerrajeros el calvari,0,5,0%,50.4
electricistas para averías en chalets en bétera,0,5,0%,51
cerrajeros en santiago de compostela,0,5,0%,53.2
electricistas 24h en barrio fontarrón,0,5,0%,53.4
cerrajeros en ferrol,0,5,0%,54.2
electricista urgencia,0,5,0%,54.2
electricista 24 horas malaga,0,5,0%,54.8
reparaciones eléctricas en chalets en rocafort,0,5,0%,54.8
electricistas 24 horas villafranca del castillo,0,5,0%,56.4
desatascos 24 horas zaragoza,0,5,0%,56.8
reparación de fontanería en malagón,0,5,0%,57
cerrajero la roda,0,5,0%,58.6
cerrajero urgente cordoba,0,5,0%,59.2
electricista urgente tarragona,0,5,0%,61.2
cerrajero coruña 24 horas,0,5,0%,61.6
fontanero 24 horas málaga,0,5,0%,61.8
calderas san blas – canillejas,0,5,0%,62
cerrajero fernán pérez,0,5,0%,62
cerrajeros segovia 24 horas,0,5,0%,62.2
desatascos urgentes huelva,0,5,0%,62.8
electricistas 24h en barrio pueblo nuevo,0,5,0%,63.2
desatascos san miguel,0,5,0%,64
desatascos horcajo de santiago,0,5,0%,64.4
fontanero en algeciras,0,5,0%,64.4
aviles cerrajeros,0,5,0%,64.6
desatascos en guadassuar,0,5,0%,64.6
cerrajeros urgentes aviles,0,5,0%,64.8
cerrajeros urgentes en torrent,0,5,0%,66.6
cerrajero la mojonera,0,5,0%,68.4
cerrajero barato barberà,0,5,0%,71.2
cerrajeros 24 horas en leon,0,5,0%,71.8
reparaciones eléctricas en chalets en bétera,0,5,0%,71.8
cerrajero brea de tajo,0,5,0%,72.2
servicios de electricista para baja tensión en bétera,0,5,0%,72.4
cerrajeros en santiago,0,5,0%,72.6
desatascos pozuelo,0,5,0%,72.6
cerrajero en el castellar-oliveral,0,5,0%,73
cerrajero simancas,0,5,0%,73
desatascos la coruna,0,5,0%,79.6
fontaneros majadahonda,0,5,0%,80.6
cerrajero 24 horas torrevieja,0,5,0%,81.6
desatascos buñol,0,5,0%,82.8
electricista cambrils,0,5,0%,83.2
fontanero en la pobla llarga,0,5,0%,83.4
desatascos galapagar,0,5,0%,85.6
fontanero cornella,0,5,0%,85.6
cerrajero en comillas,0,5,0%,86.4
cerrajero urgente de estella,0,5,0%,86.8
desatascos la victoria de acentejo,0,5,0%,87.2
cerrajero en alpedrete,0,5,0%,87.8
desatascos en jerez,0,5,0%,87.8
electricista urgente murcia,0,5,0%,87.8
cerrajero buitrago del lozoya,0,5,0%,88.4
desatascos valdemoro,0,5,0%,88.6
limpieza tuberias martorell,0,5,0%,89
electricistas urgentes villanueva de la cañada,0,5,0%,89.2
desatascos eibar,0,5,0%,89.4
desatascos bunol,0,5,0%,90.8
cerrajeros arroyomolinos,0,5,0%,91
cerrajeros santa cruz de tenerife,0,5,0%,91
cerrajero 24h sevilla,0,5,0%,92.4
desatascos 24 horas huelva,0,5,0%,93.4
fontaneros carabanchel,0,5,0%,93.6
cerrajeros huerta sur,0,5,0%,94.6
desatascos leon,0,5,0%,95
electricidad rodeiro,0,5,0%,97
fontaneros palma,0,5,0%,111.4
desatascos corrales del vino,0,4,0%,3
desatascos el bacarot,0,4,0%,3
desatascos el raso,0,4,0%,3.25
desatascos la marina del pinet,0,4,0%,3.5
desatascos almendral de la cañada,0,4,0%,4.25
desatascos santaella,0,4,0%,4.5
desatascos san martín de pusa,0,4,0%,5
desatascos calzada de oropesa,0,4,0%,6
desatascos espinoso del rey,0,4,0%,6
desatascos porrino,0,4,0%,6.5
desatascos guadix,0,4,0%,6.75
cerrajero en ribera alta,0,4,0%,7.25
cerrajeros ribera alta,0,4,0%,8
desatascos benijófar,0,4,0%,8
desatascos pepino,0,4,0%,8
desatascos beas de segura,0,4,0%,8.5
desatascos velada,0,4,0%,8.5
cerrajero en cantillana,0,4,0%,9.25
desatascos almorox,0,4,0%,9.5
desatascos epila,0,4,0%,9.5
desatascos sant climent de llobregat,0,4,0%,9.5
desatascos campos del rio,0,4,0%,9.75
desatascos navalmoralejo,0,4,0%,9.75
desatascos valdefuentes,0,4,0%,9.75
desatascos arteijo,0,4,0%,10.75
desatascos en navia,0,4,0%,10.75
desatascos santa olalla,0,4,0%,10.75
desatascos belmonte de tajo,0,4,0%,11.25
desatascos en godelleta,0,4,0%,11.25
cerrajeros el rincón de ademuz,0,4,0%,11.5
desatascos bailen,0,4,0%,11.5
desatascos almodovar del rio,0,4,0%,11.75
desatascos iglesuela,0,4,0%,11.75
desatrancos de urgencia palencia,0,4,0%,11.75
electricista urgente toledo,0,4,0%,11.75
electricista en barrio comillas,0,4,0%,12
desatascos recas,0,4,0%,12.25
cerrajero en aznalcóllar,0,4,0%,12.5
desatascos cenicientos,0,4,0%,12.75
electricista en almenara,0,4,0%,13
apertura de puertas 24h en guadassuar,0,4,0%,13.25
desatascos atalaya,0,4,0%,13.25
desatascos camarenilla,0,4,0%,13.25
desatascos los ángeles,0,4,0%,13.25
fontaneros torrellano,0,4,0%,13.25
desatascos berrueco,0,4,0%,13.75
cerrajeros fuensanta,0,4,0%,14.75
cerrajero en santiponce,0,4,0%,15
44477,0,4,0%,15.5
desatascos villarejo de salvanés,0,4,0%,16.25
desatascos otero,0,4,0%,16.75
desatascos ocaña,0,4,0%,17
desatascos urgentes coruña desatascos total,0,4,0%,17
cerrajero en navarrete,0,4,0%,17.5
electricidad empuriabrava,0,4,0%,17.75
desatascos camas,0,4,0%,18
desatascos el ejido,0,4,0%,18
desatascos san bartolomé de las abiertas,0,4,0%,18.25
cerrajero en candas,0,4,0%,18.5
fontanero en alella,0,4,0%,18.5
reparaciones eléctricas para viviendas en rocafort,0,4,0%,18.5
desatascos herencias,0,4,0%,19
comprar calderas la rambla,0,4,0%,19.25
desatascos baro,0,4,0%,20.5
electricistas para averías en chalets en rocafort,0,4,0%,21.5
cerrajero barranco,0,4,0%,22.25
desatascos de tuberías en hellín,0,4,0%,23
fontanero en cardedeu,0,4,0%,23
cerrajero en petrés,0,4,0%,23.25
desatascos en corbera,0,4,0%,24.25
desatascos cortegana,0,4,0%,24.75
cerrajeros ibi,0,4,0%,26
fontanero en cubelles,0,4,0%,27
cerrajero en santa comba,0,4,0%,27.5
fontanero en castellar,0,4,0%,27.5
cerrajeros gilet,0,4,0%,28.25
cerrajero campos,0,4,0%,28.5
desatascos san fernando de henares,0,4,0%,28.75
cerrajero en castilblanco de los arroyos,0,4,0%,29.5
cerrajero en massamagrell,0,4,0%,29.75
cerrajeros cabrils,0,4,0%,31
cerrajero en biar,0,4,0%,31.75
electricista urgente burgos,0,4,0%,32.25
electricista para oficinas en rocafort,0,4,0%,32.5
cerrajero de urgencia oviedo,0,4,0%,32.75
desatasco urgente,0,4,0%,32.75
electricista a domicilio en gijón,0,4,0%,33.25
desatascos peñiscola,0,4,0%,36
desatascos urgentes albacete,0,4,0%,36
fontanería en bigastro,0,4,0%,36
electricista en berga,0,4,0%,36.25
desatascos hellin,0,4,0%,37.75
desatascos los realejos,0,4,0%,38.25
desatascos tomares,0,4,0%,38.5
cerrajero 24 horas ferrol,0,4,0%,38.75
cerrajero de urgencia pontevedra,0,4,0%,38.75
desatascos dolores,0,4,0%,38.75
desatascos sant llorenc des cardassar,0,4,0%,38.75
servicios de empresa de electricidad en rocafort,0,4,0%,38.75
cerrajero meliana,0,4,0%,39
cerrajero santa margarida i els monjos,0,4,0%,40.75
desatascos talayuela,0,4,0%,41.5
desatascos zuera,0,4,0%,42
cerrajeros en sotogrande,0,4,0%,42.25
desatascos santiago,0,4,0%,42.25
electricistas para averías en viviendas en rocafort,0,4,0%,43.25
cerrajero carballo,0,4,0%,44