Páginas principales,Clics,Impresiones,CTR,Posición
https://www.pronto-24.com/desatascos/cp/05230,4,6,66.67%,4.33
https://www.pronto-24.com/desatascos/cp/37700/,3,9,33.33%,9.67
https://www.pronto-24.com/desatascos/cp/17487/,2,13,15.38%,6.69
https://www.pronto-24.com/calderas/cp/06480,2,3,66.67%,4
https://www.pronto-24.com/fontanero/cp/07071/,1,78,1.28%,89.01
https://www.pronto-24.com/desatascos/cp/07006,1,41,2.44%,65.88
https://www.pronto-24.com/fontanero/cp/07006/,1,38,2.63%,78.26
https://www.pronto-24.com/desatascos/cp/07002,1,35,2.86%,73.8
https://www.pronto-24.com/fontanero/cp/07070/,1,31,3.23%,93.13
https://www.pronto-24.com/fontanero/cp/07080,1,26,3.85%,71.46
https://www.pronto-24.com/desatascos/cp/16200,1,19,5.26%,7.05
https://www.pronto-24.com/desatascos/cp/21720,1,15,6.67%,5.8
https://www.pronto-24.com/electricista/cp/11640,1,15,6.67%,25.67
https://www.pronto-24.com/fontanero/cp/07006,1,14,7.14%,86.93
https://www.pronto-24.com/electricista/cp/14860/,1,13,7.69%,24.54
https://www.pronto-24.com/calderas/cp/32000/,1,13,7.69%,36.38
https://www.pronto-24.com/electricista/cp/30878,1,12,8.33%,8.33
https://www.pronto-24.com/electricista/cp/22003/,1,11,9.09%,16
https://www.pronto-24.com/desatascos/cp/07611,1,11,9.09%,63.82
https://www.pronto-24.com/desatascos/cp/37700,1,10,10%,13.5
https://www.pronto-24.com/desatascos/cp/14860,1,9,11.11%,23
https://www.pronto-24.com/electricista/cp/42071,1,9,11.11%,32.67
https://www.pronto-24.com/electricista/cp/11570/,1,8,12.5%,11.5
https://www.pronto-24.com/calderas/cp/34800,1,8,12.5%,25.88
https://www.pronto-24.com/fontanero/cp/26300/,1,8,12.5%,49.38
https://www.pronto-24.com/electricista/cp/39619/,1,7,14.29%,4.43
https://www.pronto-24.com/calderas/cp/32000,1,5,20%,38.8
https://www.pronto-24.com/fontanero/cp/16415/,1,5,20%,44.6
https://www.pronto-24.com/desatascos/cp/03169/,1,4,25%,5.75
https://www.pronto-24.com/desatascos/cp/24850,1,4,25%,5.75
https://www.pronto-24.com/cerrajero/cp/27144,1,4,25%,7.5
https://www.pronto-24.com/electricista/cp/40424,1,4,25%,10.25
https://www.pronto-24.com/desatascos/cp/02630,1,4,25%,14.25
https://www.pronto-24.com/desatascos/cp/08755/,1,4,25%,26.5
https://www.pronto-24.com/electricista/cp/11640/,1,4,25%,91.25
https://www.pronto-24.com/desatascos/cp/26375,1,3,33.33%,6
https://www.pronto-24.com/electricista/cp/36713,1,3,33.33%,6
https://www.pronto-24.com/desatascos/cp/05230/,1,3,33.33%,8
https://www.pronto-24.com/desatascos/cp/13170,1,3,33.33%,9
https://www.pronto-24.com/electricista/cp/15830/,1,3,33.33%,10
https://www.pronto-24.com/calderas/cp/10000/,1,3,33.33%,10.67
https://www.pronto-24.com/electricista/cp/41600/,1,3,33.33%,10.67
https://www.pronto-24.com/electricista/cp/16070,1,3,33.33%,37.67
https://www.pronto-24.com/calderas/cp/36005,1,3,33.33%,45
https://www.pronto-24.com/fontanero/cp/50200/,1,2,50%,1
https://www.pronto-24.com/desatascos/cp/09550/,1,2,50%,2
https://www.pronto-24.com/cerrajero/cp/38414,1,2,50%,4
https://www.pronto-24.com/calderas/cp/02430,1,2,50%,6.5
https://www.pronto-24.com/electricista/cp/34120,1,2,50%,8
https://www.pronto-24.com/fontanero/cp/27220/,1,2,50%,8
https://www.pronto-24.com/fontanero/cp/10071,1,2,50%,12
https://www.pronto-24.com/calderas/cp/02240,1,2,50%,15
https://www.pronto-24.com/desatascos/cp/19112/,1,1,100%,1
https://www.pronto-24.com/desatascos/cp/25730,1,1,100%,1
https://www.pronto-24.com/fontanero/cp/27715,1,1,100%,3
https://www.pronto-24.com/calderas/cp/13230/,1,1,100%,4
https://www.pronto-24.com/desatascos/cp/02611/,1,1,100%,4
https://www.pronto-24.com/desatascos/cp/19139/,1,1,100%,4
https://www.pronto-24.com/electricista/cp/25400,1,1,100%,4
https://www.pronto-24.com/fontanero/cp/27540,1,1,100%,4
https://www.pronto-24.com/electricista/cp/23296/,1,1,100%,5
https://www.pronto-24.com/electricista/cp/23684,1,1,100%,5
https://www.pronto-24.com/calderas/cp/06010,1,1,100%,6
https://www.pronto-24.com/cerrajero/cp/45646,1,1,100%,6
https://www.pronto-24.com/fontanero/cp/25530/,1,1,100%,6
https://www.pronto-24.com/calderas/cp/02002/,1,1,100%,7
https://www.pronto-24.com/fontanero/cp/05470/,1,1,100%,7
https://www.pronto-24.com/fontanero/cp/16400,1,1,100%,7
https://www.pronto-24.com/fontanero/cp/03169/,1,1,100%,8
https://www.pronto-24.com/calderas/cp/26070/,1,1,100%,9
https://www.pronto-24.com/calderas/cp/43880,1,1,100%,10
https://www.pronto-24.com/calderas/cp/24750,1,1,100%,11
https://www.pronto-24.com/calderas/cp/37714/,1,1,100%,11
https://www.pronto-24.com/fontanero/cp/04500,1,1,100%,11
https://www.pronto-24.com/cerrajero/cp/04510,1,1,100%,12
https://www.pronto-24.com/fontanero/cp/34340/,1,1,100%,12
https://www.pronto-24.com/cerrajero/cp/37100,1,1,100%,14
https://www.pronto-24.com/cerrajero/cp/46164,1,1,100%,29
https://www.pronto-24.com/electricista/cp/46111,0,150,0%,25.91
https://www.pronto-24.com/electricista/cp/07013/,0,140,0%,110.86
https://www.pronto-24.com/fontanero/cp/07002,0,124,0%,90
https://www.pronto-24.com/desatascos/cp/07007/,0,108,0%,76.57
https://www.pronto-24.com/electricista/cp/07011/,0,96,0%,119.5
https://www.pronto-24.com/fontanero/cp/07008/,0,90,0%,82.83
https://www.pronto-24.com/electricista/cp/07008,0,82,0%,91.39
https://www.pronto-24.com/electricista/cp/25267/,0,73,0%,63.18
https://www.pronto-24.com/electricista/cp/07001/,0,69,0%,119.77
https://www.pronto-24.com/electricista/cp/29000/,0,67,0%,48.39
https://www.pronto-24.com/electricista/cp/41807,0,64,0%,50.2
https://www.pronto-24.com/cerrajero/cp/33000,0,62,0%,65.4
https://www.pronto-24.com/desatascos/cp/07014/,0,61,0%,70.8
https://www.pronto-24.com/desatascos/cp/28925,0,59,0%,62.98
https://www.pronto-24.com/cerrajero/cp/07005,0,58,0%,75.93
https://www.pronto-24.com/cerrajero/cp/43202/,0,57,0%,73.26
https://www.pronto-24.com/electricista/cp/41960,0,56,0%,43.27
https://www.pronto-24.com/desatascos/cp/08173,0,54,0%,73.54
https://www.pronto-24.com/fontanero/cp/07005/,0,54,0%,86.8
https://www.pronto-24.com/desatascos/cp/11407,0,53,0%,67.85
https://www.pronto-24.com/electricista/cp/07001,0,53,0%,94.51
https://www.pronto-24.com/fontanero/cp/07008,0,51,0%,56.76
https://www.pronto-24.com/desatascos/cp/07001,0,49,0%,82.51
https://www.pronto-24.com/cerrajero/cp/33400/,0,47,0%,65.96
https://www.pronto-24.com/electricista/cp/46111/,0,46,0%,35.89
https://www.pronto-24.com/fontanero/cp/07005,0,45,0%,62.4
https://www.pronto-24.com/cerrajero/cp/33400,0,45,0%,69.56
https://www.pronto-24.com/desatascos/cp/11160,0,43,0%,23.07
https://www.pronto-24.com/desatascos/cp/28320/,0,43,0%,32.4
https://www.pronto-24.com/desatascos/cp/08290,0,43,0%,53.21
https://www.pronto-24.com/desatascos/cp/28320,0,43,0%,70.33
https://www.pronto-24.com/electricista/cp/46127,0,42,0%,60.31
https://www.pronto-24.com/desatascos/cp/07015/,0,42,0%,66.9
https://www.pronto-24.com/electricista/cp/08254,0,41,0%,72.02
https://www.pronto-24.com/desatascos/cp/28936/,0,40,0%,51.73
https://www.pronto-24.com/cerrajero/cp/33000/,0,39,0%,77.62
https://www.pronto-24.com/fontanero/cp/07011,0,39,0%,84.36
https://www.pronto-24.com/desatascos/cp/11407/,0,38,0%,68.53
https://www.pronto-24.com/desatascos/cp/28935,0,37,0%,62.57
https://www.pronto-24.com/fontanero/cp/07002/,0,37,0%,70.35
https://www.pronto-24.com/electricista/cp/46127/,0,36,0%,56.75
https://www.pronto-24.com/desatascos/cp/28223,0,36,0%,57.25
https://www.pronto-24.com/desatascos/cp/11470/,0,36,0%,72.5
https://www.pronto-24.com/cerrajero/cp/15300/,0,35,0%,40.43
https://www.pronto-24.com/desatascos/cp/07470/,0,34,0%,54.38
https://www.pronto-24.com/desatascos/cp/10813,0,34,0%,61.09
https://www.pronto-24.com/desatascos/cp/35011,0,34,0%,64.24
https://www.pronto-24.com/electricista/cp/43491/,0,33,0%,44.45
https://www.pronto-24.com/desatascos/cp/28931,0,33,0%,64.27
https://www.pronto-24.com/desatascos/cp/08912/,0,33,0%,87.73
https://www.pronto-24.com/desatascos/cp/28920/,0,32,0%,69.84
https://www.pronto-24.com/desatascos/cp/08174,0,32,0%,72.47
https://www.pronto-24.com/electricista/cp/07013,0,32,0%,96.62
https://www.pronto-24.com/electricista/cp/26280/,0,31,0%,20.26
https://www.pronto-24.com/desatascos/cp/28911,0,31,0%,57.39
https://www.pronto-24.com/desatascos/cp/07500,0,31,0%,61.26
https://www.pronto-24.com/desatascos/cp/11470,0,31,0%,70.26
https://www.pronto-24.com/desatascos/cp/11160/,0,30,0%,24.77
https://www.pronto-24.com/electricista/cp/41900/,0,30,0%,64.17
https://www.pronto-24.com/desatascos/cp/28935/,0,29,0%,37.55
https://www.pronto-24.com/fontanero/cp/12080/,0,29,0%,48.14
https://www.pronto-24.com/desatascos/cp/28910,0,29,0%,52.21
https://www.pronto-24.com/desatascos/cp/43200,0,29,0%,62.14
https://www.pronto-24.com/desatascos/cp/20015/,0,29,0%,63.97
https://www.pronto-24.com/cerrajero/cp/43882,0,29,0%,69.62
https://www.pronto-24.com/cerrajero/cp/43330,0,28,0%,23.75
https://www.pronto-24.com/cerrajero/cp/08210/,0,28,0%,68.11
https://www.pronto-24.com/cerrajero/cp/08041/,0,28,0%,77.89
https://www.pronto-24.com/desatascos/cp/07008,0,28,0%,82.43
https://www.pronto-24.com/cerrajero/cp/08505/,0,27,0%,53.11
https://www.pronto-24.com/fontanero/cp/13420,0,27,0%,54.37
https://www.pronto-24.com/desatascos/cp/28941,0,27,0%,63.37
https://www.pronto-24.com/cerrajero/cp/43700,0,27,0%,69.41
https://www.pronto-24.com/cerrajero/cp/43700/,0,27,0%,73.04
https://www.pronto-24.com/cerrajero/cp/33011/,0,26,0%,12
https://www.pronto-24.com/desatascos/cp/11550/,0,26,0%,26.12
https://www.pronto-24.com/cerrajero/cp/08505,0,26,0%,40.65
https://www.pronto-24.com/desatascos/cp/28911/,0,26,0%,55.5
https://www.pronto-24.com/desatascos/cp/28945,0,26,0%,55.73
https://www.pronto-24.com/cerrajero/cp/33071,0,26,0%,75.19
https://www.pronto-24.com/electricista/cp/19343/,0,25,0%,20.76
https://www.pronto-24.com/cerrajero/cp/43450,0,25,0%,28.48
https://www.pronto-24.com/electricista/cp/03000,0,25,0%,56.36
https://www.pronto-24.com/electricista/cp/03501/,0,25,0%,58.04
https://www.pronto-24.com/desatascos/cp/28924,0,25,0%,61.4
https://www.pronto-24.com/desatascos/cp/28941/,0,25,0%,64.68
https://www.pronto-24.com/desatascos/cp/08173/,0,25,0%,75.32
https://www.pronto-24.com/electricista/cp/33203/,0,24,0%,23.67
https://www.pronto-24.com/desatascos/cp/08760,0,24,0%,45.5
https://www.pronto-24.com/fontanero/cp/12071/,0,24,0%,61.88
https://www.pronto-24.com/desatascos/cp/28910/,0,24,0%,68.04
https://www.pronto-24.com/cerrajero/cp/07014/,0,24,0%,68.42
https://www.pronto-24.com/cerrajero/cp/08031,0,24,0%,78.88
https://www.pronto-24.com/cerrajero/cp/43202,0,24,0%,82.33
https://www.pronto-24.com/desatascos/cp/08403/,0,24,0%,85.88
https://www.pronto-24.com/cerrajero/cp/08041,0,24,0%,89.29
https://www.pronto-24.com/cerrajero/cp/43330/,0,23,0%,17.96
https://www.pronto-24.com/desatascos/cp/46190,0,23,0%,33.52
https://www.pronto-24.com/desatascos/cp/21595/,0,23,0%,61.48
https://www.pronto-24.com/cerrajero/cp/15403,0,23,0%,62.04
https://www.pronto-24.com/desatascos/cp/08174/,0,23,0%,65.09
https://www.pronto-24.com/cerrajero/cp/14817/,0,22,0%,70.27
https://www.pronto-24.com/desatascos/cp/15002,0,22,0%,71.86
https://www.pronto-24.com/cerrajero/cp/33002,0,22,0%,73.55
https://www.pronto-24.com/desatascos/cp/08404/,0,22,0%,79.27
https://www.pronto-24.com/desatascos/cp/35007/,0,22,0%,82.05
https://www.pronto-24.com/desatascos/cp/03012,0,21,0%,26.43
https://www.pronto-24.com/electricista/cp/29002/,0,21,0%,41.29
https://www.pronto-24.com/desatascos/cp/20012,0,21,0%,71.48
https://www.pronto-24.com/electricista/cp/28080/,0,21,0%,72.33
https://www.pronto-24.com/cerrajero/cp/43450/,0,20,0%,9.8
https://www.pronto-24.com/cerrajero/cp/07190/,0,20,0%,19.05
https://www.pronto-24.com/cerrajero/cp/12570,0,20,0%,28.9
https://www.pronto-24.com/electricista/cp/41960/,0,20,0%,31.1
https://www.pronto-24.com/electricista/cp/12590/,0,20,0%,38
https://www.pronto-24.com/desatascos/cp/17005/,0,20,0%,49.4
https://www.pronto-24.com/cerrajero/cp/33510,0,20,0%,53.35
https://www.pronto-24.com/fontanero/cp/07011/,0,20,0%,70.35
https://www.pronto-24.com/fontanero/cp/07071,0,20,0%,79.5
https://www.pronto-24.com/cerrajero/cp/15320/,0,19,0%,14.11
https://www.pronto-24.com/desatascos/cp/34002,0,19,0%,15.58
https://www.pronto-24.com/desatascos/cp/08750,0,19,0%,29.95
https://www.pronto-24.com/desatascos/cp/43761,0,19,0%,34.58
https://www.pronto-24.com/desatascos/cp/07570,0,19,0%,39
https://www.pronto-24.com/electricista/cp/25267,0,19,0%,46
https://www.pronto-24.com/cerrajero/cp/33002/,0,19,0%,65.58
https://www.pronto-24.com/cerrajero/cp/07005/,0,19,0%,68.42
https://www.pronto-24.com/cerrajero/cp/08042,0,19,0%,76.74
https://www.pronto-24.com/cerrajero/cp/43481/,0,19,0%,83.47
https://www.pronto-24.com/desatascos/cp/08940/,0,19,0%,85.05
https://www.pronto-24.com/cerrajero/cp/41002,0,19,0%,85.47
https://www.pronto-24.com/desatascos/cp/08731/,0,19,0%,86.74
https://www.pronto-24.com/calderas/cp/28030,0,19,0%,93.42
https://www.pronto-24.com/desatascos/cp/16235/,0,18,0%,7
https://www.pronto-24.com/desatascos/cp/16630,0,18,0%,7.89
https://www.pronto-24.com/calderas/cp/07010/,0,18,0%,15.44
https://www.pronto-24.com/cerrajero/cp/36143/,0,18,0%,17.33
https://www.pronto-24.com/desatascos/cp/08397,0,18,0%,24.61
https://www.pronto-24.com/desatascos/cp/19250,0,18,0%,26.06
https://www.pronto-24.com/cerrajero/cp/12600/,0,18,0%,30.89
https://www.pronto-24.com/cerrajero/cp/43890,0,18,0%,37.78
https://www.pronto-24.com/cerrajero/cp/12590/,0,18,0%,42.11
https://www.pronto-24.com/desatascos/cp/22500/,0,18,0%,42.22
https://www.pronto-24.com/cerrajero/cp/12110/,0,18,0%,46.56
https://www.pronto-24.com/cerrajero/cp/03002,0,18,0%,48
https://www.pronto-24.com/cerrajero/cp/15780,0,18,0%,50.17
https://www.pronto-24.com/cerrajero/cp/17405/,0,18,0%,61.67
https://www.pronto-24.com/electricista/cp/30005,0,18,0%,62.06
https://www.pronto-24.com/desatascos/cp/11012,0,18,0%,70
https://www.pronto-24.com/fontanero/cp/07080/,0,18,0%,71.5
https://www.pronto-24.com/cerrajero/cp/43002/,0,18,0%,78.67
https://www.pronto-24.com/cerrajero/cp/15001,0,18,0%,84.11
https://www.pronto-24.com/cerrajero/cp/03188/,0,18,0%,85.17
https://www.pronto-24.com/desatascos/cp/15930,0,17,0%,5.24
https://www.pronto-24.com/electricista/cp/30878/,0,17,0%,15.71
https://www.pronto-24.com/desatascos/cp/34002/,0,17,0%,20
https://www.pronto-24.com/desatascos/cp/08530,0,17,0%,23.41
https://www.pronto-24.com/cerrajero/cp/15800,0,17,0%,26.76
https://www.pronto-24.com/cerrajero/cp/03071,0,17,0%,46.41
https://www.pronto-24.com/cerrajero/cp/07011/,0,17,0%,63.71
https://www.pronto-24.com/electricista/cp/03007,0,17,0%,63.94
https://www.pronto-24.com/desatascos/cp/36300,0,17,0%,66.71
https://www.pronto-24.com/cerrajero/cp/07006/,0,17,0%,72.59
https://www.pronto-24.com/desatascos/cp/25197/,0,17,0%,73.06
https://www.pronto-24.com/desatascos/cp/11005/,0,17,0%,73.12
https://www.pronto-24.com/cerrajero/cp/04006/,0,17,0%,80.82
https://www.pronto-24.com/desatascos/cp/07611/,0,17,0%,89.18
https://www.pronto-24.com/fontanero/cp/10374/,0,16,0%,9.88
https://www.pronto-24.com/cerrajero/cp/18195,0,16,0%,10.56
https://www.pronto-24.com/desatascos/cp/02200/,0,16,0%,11.56
https://www.pronto-24.com/calderas/cp/07611/,0,16,0%,18.38
https://www.pronto-24.com/cerrajero/cp/07570/,0,16,0%,18.5
https://www.pronto-24.com/desatascos/cp/03007,0,16,0%,43
https://www.pronto-24.com/cerrajero/cp/15256,0,16,0%,45.69
https://www.pronto-24.com/electricista/cp/15293/,0,16,0%,45.75
https://www.pronto-24.com/desatascos/cp/08320,0,16,0%,46.12
https://www.pronto-24.com/desatascos/cp/23260,0,16,0%,56.81
https://www.pronto-24.com/electricista/cp/08940/,0,16,0%,65.44
https://www.pronto-24.com/desatascos/cp/16260,0,15,0%,3.8
https://www.pronto-24.com/desatascos/cp/18120,0,15,0%,5.47
https://www.pronto-24.com/desatascos/cp/45541,0,15,0%,5.8
https://www.pronto-24.com/desatascos/cp/08783/,0,15,0%,19.27
https://www.pronto-24.com/cerrajero/cp/15600/,0,15,0%,22.2
https://www.pronto-24.com/desatascos/cp/04745/,0,15,0%,28.4
https://www.pronto-24.com/desatascos/cp/03015/,0,15,0%,34.47
https://www.pronto-24.com/cerrajero/cp/46160,0,15,0%,38
https://www.pronto-24.com/electricista/cp/28311/,0,15,0%,43.93
https://www.pronto-24.com/cerrajero/cp/28370,0,15,0%,51.07
https://www.pronto-24.com/desatascos/cp/18700/,0,15,0%,53.87
https://www.pronto-24.com/desatascos/cp/28925/,0,15,0%,58.73
https://www.pronto-24.com/desatascos/cp/07015,0,15,0%,63.33
https://www.pronto-24.com/cerrajero/cp/15080,0,15,0%,65.13
https://www.pronto-24.com/electricista/cp/07011,0,15,0%,67.6
https://www.pronto-24.com/desatascos/cp/28223/,0,15,0%,71.13
https://www.pronto-24.com/electricista/cp/43411/,0,15,0%,72.33
https://www.pronto-24.com/cerrajero/cp/40071/,0,15,0%,73.13
https://www.pronto-24.com/desatascos/cp/07014,0,15,0%,73.2
https://www.pronto-24.com/desatascos/cp/28901,0,15,0%,74.93
https://www.pronto-24.com/desatascos/cp/35500,0,15,0%,75.2
https://www.pronto-24.com/electricista/cp/41810/,0,15,0%,77.27
https://www.pronto-24.com/cerrajero/cp/17242,0,15,0%,78.8
https://www.pronto-24.com/cerrajero/cp/08173,0,15,0%,81
https://www.pronto-24.com/cerrajero/cp/08205/,0,15,0%,85
https://www.pronto-24.com/cerrajero/cp/43203/,0,15,0%,94.47
https://www.pronto-24.com/desatascos/cp/05193/,0,14,0%,3.36
https://www.pronto-24.com/desatascos/cp/17495/,0,14,0%,3.5
https://www.pronto-24.com/desatascos/cp/06380,0,14,0%,7.5
https://www.pronto-24.com/electricista/cp/39520,0,14,0%,19.29
https://www.pronto-24.com/cerrajero/cp/07580/,0,14,0%,19.64
https://www.pronto-24.com/cerrajero/cp/27161/,0,14,0%,20.21
https://www.pronto-24.com/cerrajero/cp/07260/,0,14,0%,20.93
https://www.pronto-24.com/desatascos/cp/35003/,0,14,0%,35.07
https://www.pronto-24.com/cerrajero/cp/15318,0,14,0%,41
https://www.pronto-24.com/desatascos/cp/46920,0,14,0%,45.14
https://www.pronto-24.com/desatascos/cp/28924/,0,14,0%,48.29
https://www.pronto-24.com/desatascos/cp/14191,0,14,0%,51.07
https://www.pronto-24.com/desatascos/cp/33002/,0,14,0%,55.93
https://www.pronto-24.com/cerrajero/cp/25331/,0,14,0%,57.71
https://www.pronto-24.com/desatascos/cp/08620,0,14,0%,59.21
https://www.pronto-24.com/desatascos/cp/25196/,0,14,0%,60.43
https://www.pronto-24.com/desatascos/cp/36400,0,14,0%,63.43
https://www.pronto-24.com/fontanero/cp/46340/,0,14,0%,65
https://www.pronto-24.com/fontanero/cp/12001,0,14,0%,65.43
https://www.pronto-24.com/cerrajero/cp/40005/,0,14,0%,66.71
https://www.pronto-24.com/cerrajero/cp/36392,0,14,0%,68.5
https://www.pronto-24.com/cerrajero/cp/04100/,0,14,0%,71.14
https://www.pronto-24.com/cerrajero/cp/33005/,0,14,0%,71.71
https://www.pronto-24.com/desatascos/cp/16500/,0,13,0%,4.31
https://www.pronto-24.com/desatascos/cp/25180/,0,13,0%,6.54
https://www.pronto-24.com/cerrajero/cp/44500/,0,13,0%,9.92
https://www.pronto-24.com/cerrajero/cp/13600/,0,13,0%,14.31
https://www.pronto-24.com/desatascos/cp/08350,0,13,0%,20.69
https://www.pronto-24.com/desatascos/cp/19250/,0,13,0%,23.23
https://www.pronto-24.com/desatascos/cp/11550,0,13,0%,26.08
https://www.pronto-24.com/cerrajero/cp/12400,0,13,0%,26.46
https://www.pronto-24.com/desatascos/cp/49028,0,13,0%,27.46
https://www.pronto-24.com/cerrajero/cp/04630/,0,13,0%,37.85
https://www.pronto-24.com/desatascos/cp/08397/,0,13,0%,38.92
https://www.pronto-24.com/cerrajero/cp/19003/,0,13,0%,42.38
https://www.pronto-24.com/desatascos/cp/20300,0,13,0%,43.62
https://www.pronto-24.com/cerrajero/cp/43890/,0,13,0%,45.46
https://www.pronto-24.com/desatascos/cp/28224,0,13,0%,48.69
https://www.pronto-24.com/desatascos/cp/33009,0,13,0%,50.23
https://www.pronto-24.com/desatascos/cp/20015,0,13,0%,51.62
https://www.pronto-24.com/desatascos/cp/49004,0,13,0%,52
https://www.pronto-24.com/calderas/cp/33440,0,13,0%,53.46
https://www.pronto-24.com/electricista/cp/29014,0,13,0%,61.08
https://www.pronto-24.com/desatascos/cp/28906/,0,13,0%,62.08
https://www.pronto-24.com/desatascos/cp/06927/,0,13,0%,62.62
https://www.pronto-24.com/cerrajero/cp/15687,0,13,0%,63.08
https://www.pronto-24.com/cerrajero/cp/47197/,0,13,0%,64.38
https://www.pronto-24.com/electricista/cp/28085,0,13,0%,67.08
https://www.pronto-24.com/desatascos/cp/08905,0,13,0%,67.46
https://www.pronto-24.com/cerrajero/cp/07008,0,13,0%,71.38
https://www.pronto-24.com/cerrajero/cp/15707,0,13,0%,71.38
https://www.pronto-24.com/cerrajero/cp/15006/,0,13,0%,71.85
https://www.pronto-24.com/desatascos/cp/43893/,0,13,0%,76.85
https://www.pronto-24.com/cerrajero/cp/28039,0,13,0%,78.23
https://www.pronto-24.com/electricista/cp/45880,0,13,0%,80.15
https://www.pronto-24.com/cerrajero/cp/46515,0,13,0%,80.31
https://www.pronto-24.com/desatascos/cp/21830/,0,12,0%,4
https://www.pronto-24.com/desatascos/cp/18550,0,12,0%,4.25
https://www.pronto-24.com/desatascos/cp/17497/,0,12,0%,5.25
https://www.pronto-24.com/electricista/cp/27003,0,12,0%,9.75
https://www.pronto-24.com/desatascos/cp/27400,0,12,0%,9.83
https://www.pronto-24.com/cerrajero/cp/15565/,0,12,0%,13.08
https://www.pronto-24.com/electricista/cp/45005,0,12,0%,14.58
https://www.pronto-24.com/desatascos/cp/28193/,0,12,0%,18
https://www.pronto-24.com/desatascos/cp/45300,0,12,0%,20.17
https://www.pronto-24.com/cerrajero/cp/12527,0,12,0%,22.17
https://www.pronto-24.com/calderas/cp/14920,0,12,0%,22.58
https://www.pronto-24.com/cerrajero/cp/50500/,0,12,0%,23.92
https://www.pronto-24.com/desatascos/cp/28696/,0,12,0%,27.92
https://www.pronto-24.com/cerrajero/cp/23691/,0,12,0%,33.5
https://www.pronto-24.com/cerrajero/cp/07530/,0,12,0%,33.92
https://www.pronto-24.com/fontanero/cp/15981/,0,12,0%,35.17
https://www.pronto-24.com/desatascos/cp/04713,0,12,0%,35.42
https://www.pronto-24.com/desatascos/cp/08291,0,12,0%,35.42
https://www.pronto-24.com/desatascos/cp/46120/,0,12,0%,37.42
https://www.pronto-24.com/fontanero/cp/15117/,0,12,0%,43
https://www.pronto-24.com/desatascos/cp/27837,0,12,0%,44.17
https://www.pronto-24.com/desatascos/cp/28650,0,12,0%,44.67
https://www.pronto-24.com/cerrajero/cp/41400/,0,12,0%,47.83
https://www.pronto-24.com/cerrajero/cp/47014/,0,12,0%,51.5
https://www.pronto-24.com/electricista/cp/44000/,0,12,0%,53.92
https://www.pronto-24.com/desatascos/cp/50015,0,12,0%,54
https://www.pronto-24.com/desatascos/cp/14001/,0,12,0%,55.33
https://www.pronto-24.com/cerrajero/cp/07003,0,12,0%,56.67
https://www.pronto-24.com/desatascos/cp/08921/,0,12,0%,67.17
https://www.pronto-24.com/desatascos/cp/08905/,0,12,0%,68.67
https://www.pronto-24.com/cerrajero/cp/43882/,0,12,0%,68.83
https://www.pronto-24.com/desatascos/cp/47012,0,12,0%,68.92
https://www.pronto-24.com/electricista/cp/28223/,0,12,0%,69.75
https://www.pronto-24.com/cerrajero/cp/15780/,0,12,0%,70.17
https://www.pronto-24.com/desatascos/cp/25003/,0,12,0%,72.25
https://www.pronto-24.com/electricista/cp/29002,0,12,0%,72.25
https://www.pronto-24.com/desatascos/cp/48005/,0,12,0%,74
https://www.pronto-24.com/fontanero/cp/35550/,0,12,0%,75.67
https://www.pronto-24.com/cerrajero/cp/33005,0,12,0%,80.33
https://www.pronto-24.com/desatascos/cp/08736/,0,12,0%,83.58
https://www.pronto-24.com/desatascos/cp/35012/,0,12,0%,85.33
https://www.pronto-24.com/cerrajero/cp/03180/,0,12,0%,87
https://www.pronto-24.com/cerrajero/cp/08031/,0,12,0%,88.42
https://www.pronto-24.com/cerrajero/cp/46529,0,12,0%,92.67
https://www.pronto-24.com/desatascos/cp/45531,0,11,0%,2.36
https://www.pronto-24.com/desatascos/cp/21240/,0,11,0%,4.64
https://www.pronto-24.com/desatascos/cp/16640/,0,11,0%,7.73
https://www.pronto-24.com/desatascos/cp/23770,0,11,0%,8.18
https://www.pronto-24.com/desatascos/cp/18190/,0,11,0%,8.36
https://www.pronto-24.com/cerrajero/cp/18195/,0,11,0%,10.09
https://www.pronto-24.com/desatascos/cp/18630/,0,11,0%,11.91
https://www.pronto-24.com/desatascos/cp/23480/,0,11,0%,13.18
https://www.pronto-24.com/cerrajero/cp/41720/,0,11,0%,16
https://www.pronto-24.com/desatascos/cp/03670/,0,11,0%,18.73
https://www.pronto-24.com/desatascos/cp/13700,0,11,0%,19
https://www.pronto-24.com/desatascos/cp/02630/,0,11,0%,20.27
https://www.pronto-24.com/cerrajero/cp/07816,0,11,0%,22
https://www.pronto-24.com/desatascos/cp/04770,0,11,0%,33.36
https://www.pronto-24.com/cerrajero/cp/12400/,0,11,0%,35.73
https://www.pronto-24.com/cerrajero/cp/03071/,0,11,0%,40
https://www.pronto-24.com/desatascos/cp/28936,0,11,0%,41.45
https://www.pronto-24.com/cerrajero/cp/03638/,0,11,0%,42.45
https://www.pronto-24.com/cerrajero/cp/24008,0,11,0%,43
https://www.pronto-24.com/cerrajero/cp/26002,0,11,0%,47.64
https://www.pronto-24.com/desatascos/cp/22002/,0,11,0%,49.18
https://www.pronto-24.com/desatascos/cp/49028/,0,11,0%,52.09
https://www.pronto-24.com/desatascos/cp/49300/,0,11,0%,52.45
https://www.pronto-24.com/desatascos/cp/35008/,0,11,0%,52.82
https://www.pronto-24.com/cerrajero/cp/15403/,0,11,0%,54.64
https://www.pronto-24.com/desatascos/cp/17242,0,11,0%,58.18
https://www.pronto-24.com/desatascos/cp/46500/,0,11,0%,59.36
https://www.pronto-24.com/desatascos/cp/28596,0,11,0%,60.36
https://www.pronto-24.com/electricista/cp/44080/,0,11,0%,60.36
https://www.pronto-24.com/desatascos/cp/08191,0,11,0%,62
https://www.pronto-24.com/cerrajero/cp/45534/,0,11,0%,63.91
https://www.pronto-24.com/desatascos/cp/45589/,0,11,0%,64
https://www.pronto-24.com/fontanero/cp/12580/,0,11,0%,64.27
https://www.pronto-24.com/cerrajero/cp/17070/,0,11,0%,68.45
https://www.pronto-24.com/desatascos/cp/11002/,0,11,0%,69.18
https://www.pronto-24.com/cerrajero/cp/09002/,0,11,0%,70.45
https://www.pronto-24.com/desatascos/cp/20013/,0,11,0%,74.18
https://www.pronto-24.com/desatascos/cp/11071/,0,11,0%,75.45
https://www.pronto-24.com/desatascos/cp/07006/,0,11,0%,80.27
https://www.pronto-24.com/electricista/cp/07008/,0,11,0%,80.91
https://www.pronto-24.com/cerrajero/cp/07003/,0,11,0%,81.09
https://www.pronto-24.com/cerrajero/cp/38005/,0,11,0%,81.82
https://www.pronto-24.com/desatascos/cp/21891,0,11,0%,88.82
https://www.pronto-24.com/cerrajero/cp/08750/,0,11,0%,94.27
https://www.pronto-24.com/desatascos/cp/16465,0,10,0%,1.2
https://www.pronto-24.com/cerrajero/cp/04149,0,10,0%,2.4
https://www.pronto-24.com/desatascos/cp/02530/,0,10,0%,2.5
https://www.pronto-24.com/desatascos/cp/46725,0,10,0%,4.1
https://www.pronto-24.com/desatascos/cp/45260/,0,10,0%,6.1
https://www.pronto-24.com/desatascos/cp/04800/,0,10,0%,7.7
https://www.pronto-24.com/desatascos/cp/18240/,0,10,0%,8.1
https://www.pronto-24.com/desatascos/cp/11690/,0,10,0%,8.4
https://www.pronto-24.com/desatascos/cp/06100,0,10,0%,8.5
https://www.pronto-24.com/desatascos/cp/23280/,0,10,0%,9
https://www.pronto-24.com/desatascos/cp/11560,0,10,0%,9.8
https://www.pronto-24.com/desatascos/cp/07550,0,10,0%,10
https://www.pronto-24.com/desatascos/cp/18650/,0,10,0%,10.1
https://www.pronto-24.com/desatascos/cp/26250/,0,10,0%,10.1
https://www.pronto-24.com/desatascos/cp/45400,0,10,0%,10.2
https://www.pronto-24.com/cerrajero/cp/04131/,0,10,0%,14.1
https://www.pronto-24.com/desatascos/cp/35460/,0,10,0%,14.5
https://www.pronto-24.com/desatascos/cp/03314/,0,10,0%,15.3
https://www.pronto-24.com/cerrajero/cp/12527/,0,10,0%,19.8
https://www.pronto-24.com/cerrajero/cp/07210/,0,10,0%,23.5
https://www.pronto-24.com/cerrajero/cp/19000/,0,10,0%,28.9
https://www.pronto-24.com/cerrajero/cp/06329,0,10,0%,29.9
https://www.pronto-24.com/desatascos/cp/03015,0,10,0%,31.2
https://www.pronto-24.com/calderas/cp/14920/,0,10,0%,33.8
https://www.pronto-24.com/cerrajero/cp/12598/,0,10,0%,35.5
https://www.pronto-24.com/electricista/cp/23730,0,10,0%,37.7
https://www.pronto-24.com/cerrajero/cp/15300,0,10,0%,39.1
https://www.pronto-24.com/desatascos/cp/19458,0,10,0%,45.8
https://www.pronto-24.com/calderas/cp/15637/,0,10,0%,46.5
https://www.pronto-24.com/cerrajero/cp/46620,0,10,0%,46.7
https://www.pronto-24.com/cerrajero/cp/12593,0,10,0%,50.3
https://www.pronto-24.com/cerrajero/cp/45635,0,10,0%,51.3
https://www.pronto-24.com/desatascos/cp/08640,0,10,0%,53.2
https://www.pronto-24.com/electricista/cp/29000,0,10,0%,53.9
https://www.pronto-24.com/cerrajero/cp/43870,0,10,0%,54.2
https://www.pronto-24.com/desatascos/cp/02004/,0,10,0%,54.8
https://www.pronto-24.com/desatascos/cp/07210/,0,10,0%,56.3
https://www.pronto-24.com/cerrajero/cp/46711,0,10,0%,58.5
https://www.pronto-24.com/fontanero/cp/28230,0,10,0%,58.5
https://www.pronto-24.com/electricista/cp/08254/,0,10,0%,60.1
https://www.pronto-24.com/desatascos/cp/08030,0,10,0%,60.6
https://www.pronto-24.com/desatascos/cp/50009/,0,10,0%,63.6
https://www.pronto-24.com/cerrajero/cp/06600,0,10,0%,65
https://www.pronto-24.com/cerrajero/cp/36162/,0,10,0%,74.5
https://www.pronto-24.com/desatascos/cp/08200,0,10,0%,78.4
https://www.pronto-24.com/fontanero/cp/48910,0,10,0%,79
https://www.pronto-24.com/cerrajero/cp/15071/,0,10,0%,82.7
https://www.pronto-24.com/cerrajero/cp/46540,0,10,0%,83.4
https://www.pronto-24.com/cerrajero/cp/41020/,0,10,0%,86.4
https://www.pronto-24.com/desatascos/cp/08904,0,10,0%,90.1
https://www.pronto-24.com/cerrajero/cp/04004/,0,10,0%,93.5
https://www.pronto-24.com/desatascos/cp/07190/,0,9,0%,3.56
https://www.pronto-24.com/desatascos/cp/02230,0,9,0%,5.44
https://www.pronto-24.com/desatascos/cp/17489/,0,9,0%,6
https://www.pronto-24.com/desatascos/cp/40500,0,9,0%,6.56
https://www.pronto-24.com/desatascos/cp/18197/,0,9,0%,6.89
https://www.pronto-24.com/desatascos/cp/12320,0,9,0%,8.33
https://www.pronto-24.com/desatascos/cp/22400/,0,9,0%,8.56
https://www.pronto-24.com/desatascos/cp/18195,0,9,0%,9.11
https://www.pronto-24.com/desatascos/cp/08560,0,9,0%,9.67
https://www.pronto-24.com/desatascos/cp/50171,0,9,0%,9.67
https://www.pronto-24.com/desatascos/cp/07550/,0,9,0%,10
https://www.pronto-24.com/desatascos/cp/23710,0,9,0%,10.56
https://www.pronto-24.com/desatascos/cp/08776/,0,9,0%,10.78
https://www.pronto-24.com/desatascos/cp/09400,0,9,0%,12.44
https://www.pronto-24.com/desatascos/cp/18700,0,9,0%,13.78
https://www.pronto-24.com/electricista/cp/52005,0,9,0%,15.67
https://www.pronto-24.com/desatascos/cp/12550/,0,9,0%,17.89
https://www.pronto-24.com/cerrajero/cp/07530,0,9,0%,18.11
https://www.pronto-24.com/electricista/cp/28048/,0,9,0%,20
https://www.pronto-24.com/calderas/cp/33530,0,9,0%,22.22
https://www.pronto-24.com/electricista/cp/10071/,0,9,0%,24.33
https://www.pronto-24.com/calderas/cp/28024/,0,9,0%,24.67
https://www.pronto-24.com/desatascos/cp/12550,0,9,0%,25.44
https://www.pronto-24.com/electricista/cp/04240,0,9,0%,28.33
https://www.pronto-24.com/electricista/cp/25191,0,9,0%,29
https://www.pronto-24.com/desatascos/cp/35460,0,9,0%,30.56
https://www.pronto-24.com/cerrajero/cp/13004/,0,9,0%,32.33
https://www.pronto-24.com/cerrajero/cp/24412/,0,9,0%,33
https://www.pronto-24.com/cerrajero/cp/19003,0,9,0%,35.89
https://www.pronto-24.com/desatascos/cp/17210,0,9,0%,35.89
https://www.pronto-24.com/desatascos/cp/08740,0,9,0%,40.89
https://www.pronto-24.com/fontanero/cp/27512,0,9,0%,44.44
https://www.pronto-24.com/desatascos/cp/14006/,0,9,0%,50.56
https://www.pronto-24.com/electricista/cp/08921/,0,9,0%,51
https://www.pronto-24.com/cerrajero/cp/03010/,0,9,0%,51.33
https://www.pronto-24.com/cerrajero/cp/50229,0,9,0%,57.11
https://www.pronto-24.com/electricista/cp/11149/,0,9,0%,57.22
https://www.pronto-24.com/cerrajero/cp/46610/,0,9,0%,57.44
https://www.pronto-24.com/fontanero/cp/28290/,0,9,0%,57.78
https://www.pronto-24.com/calderas/cp/28010,0,9,0%,58.22
https://www.pronto-24.com/fontanero/cp/18002/,0,9,0%,59
https://www.pronto-24.com/desatascos/cp/15701,0,9,0%,60
https://www.pronto-24.com/cerrajero/cp/02100/,0,9,0%,62
https://www.pronto-24.com/fontanero/cp/43491/,0,9,0%,62.67
https://www.pronto-24.com/calderas/cp/28050/,0,9,0%,64.56
https://www.pronto-24.com/desatascos/cp/07002/,0,9,0%,65.89
https://www.pronto-24.com/electricista/cp/17210/,0,9,0%,66
https://www.pronto-24.com/desatascos/cp/07007,0,9,0%,70.11
https://www.pronto-24.com/desatascos/cp/03508/,0,9,0%,71.33
https://www.pronto-24.com/desatascos/cp/23560/,0,9,0%,73
https://www.pronto-24.com/desatascos/cp/25002,0,9,0%,73.22
https://www.pronto-24.com/calderas/cp/28720,0,9,0%,74.11
https://www.pronto-24.com/desatascos/cp/15705/,0,9,0%,74.11
https://www.pronto-24.com/cerrajero/cp/46113,0,9,0%,74.56
https://www.pronto-24.com/cerrajero/cp/33007,0,9,0%,76
https://www.pronto-24.com/fontanero/cp/28221,0,9,0%,78
https://www.pronto-24.com/electricista/cp/18369,0,9,0%,79.11
https://www.pronto-24.com/electricista/cp/43850/,0,9,0%,79.44
https://www.pronto-24.com/cerrajero/cp/03180,0,9,0%,80
https://www.pronto-24.com/cerrajero/cp/03188,0,9,0%,83.78
https://www.pronto-24.com/cerrajero/cp/17123/,0,9,0%,83.78
https://www.pronto-24.com/cerrajero/cp/08205,0,9,0%,84.22
https://www.pronto-24.com/fontanero/cp/07070,0,9,0%,89.56
https://www.pronto-24.com/cerrajero/cp/43003/,0,9,0%,90.78
https://www.pronto-24.com/desatascos/cp/25004/,0,9,0%,92
https://www.pronto-24.com/fontanero/cp/03737,0,9,0%,92.67
https://www.pronto-24.com/desatascos/cp/28820,0,9,0%,94.33
https://www.pronto-24.com/fontanero/cp/37796,0,9,0%,95.22
https://www.pronto-24.com/fontanero/cp/35500,0,9,0%,102.22
https://www.pronto-24.com/desatascos/cp/06600,0,8,0%,2.12
https://www.pronto-24.com/desatascos/cp/16650,0,8,0%,2.12
https://www.pronto-24.com/desatascos/cp/02530,0,8,0%,2.5
https://www.pronto-24.com/desatascos/cp/21300,0,8,0%,2.88
https://www.pronto-24.com/desatascos/cp/11680/,0,8,0%,3.25
https://www.pronto-24.com/desatascos/cp/05193,0,8,0%,3.38
https://www.pronto-24.com/desatascos/cp/16700/,0,8,0%,3.5
https://www.pronto-24.com/desatascos/cp/21300/,0,8,0%,3.75
https://www.pronto-24.com/desatascos/cp/06470/,0,8,0%,5.75
https://www.pronto-24.com/desatascos/cp/33150,0,8,0%,6
https://www.pronto-24.com/fontanero/cp/16460,0,8,0%,7
https://www.pronto-24.com/desatascos/cp/11330,0,8,0%,7.62
https://www.pronto-24.com/desatascos/cp/30561,0,8,0%,7.75
https://www.pronto-24.com/desatascos/cp/16630/,0,8,0%,8
https://www.pronto-24.com/electricista/cp/23400,0,8,0%,8
https://www.pronto-24.com/desatascos/cp/36980/,0,8,0%,8.88
https://www.pronto-24.com/desatascos/cp/06220/,0,8,0%,9.12
https://www.pronto-24.com/cerrajero/cp/08591/,0,8,0%,9.75
https://www.pronto-24.com/desatascos/cp/42161,0,8,0%,10.12
https://www.pronto-24.com/desatascos/cp/50540,0,8,0%,10.12
https://www.pronto-24.com/desatascos/cp/45580,0,8,0%,10.88
https://www.pronto-24.com/electricista/cp/15781,0,8,0%,11.12
https://www.pronto-24.com/cerrajero/cp/04729,0,8,0%,11.25
https://www.pronto-24.com/desatascos/cp/13640/,0,8,0%,11.25
https://www.pronto-24.com/desatascos/cp/42161/,0,8,0%,12.38
https://www.pronto-24.com/desatascos/cp/25600/,0,8,0%,12.62
https://www.pronto-24.com/desatascos/cp/45516,0,8,0%,12.75
https://www.pronto-24.com/desatascos/cp/16441,0,8,0%,13.62
https://www.pronto-24.com/desatascos/cp/38450,0,8,0%,14.12
https://www.pronto-24.com/desatascos/cp/28490/,0,8,0%,15.38
https://www.pronto-24.com/cerrajero/cp/04760,0,8,0%,16.75
https://www.pronto-24.com/desatascos/cp/40232/,0,8,0%,16.88
https://www.pronto-24.com/electricista/cp/06010,0,8,0%,17.62
https://www.pronto-24.com/cerrajero/cp/27144/,0,8,0%,17.75
https://www.pronto-24.com/desatascos/cp/21110/,0,8,0%,17.88
https://www.pronto-24.com/desatascos/cp/24887/,0,8,0%,18.62
https://www.pronto-24.com/electricista/cp/15781/,0,8,0%,19
https://www.pronto-24.com/electricista/cp/26280,0,8,0%,19
https://www.pronto-24.com/desatascos/cp/49600,0,8,0%,19.25
https://www.pronto-24.com/desatascos/cp/40233,0,8,0%,20.5
https://www.pronto-24.com/desatascos/cp/43480/,0,8,0%,21.38
https://www.pronto-24.com/electricista/cp/41807/,0,8,0%,25.5
https://www.pronto-24.com/desatascos/cp/44570,0,8,0%,26.25
https://www.pronto-24.com/desatascos/cp/07210,0,8,0%,26.75
https://www.pronto-24.com/desatascos/cp/14430,0,8,0%,27.12
https://www.pronto-24.com/cerrajero/cp/07550/,0,8,0%,27.5
https://www.pronto-24.com/cerrajero/cp/46760,0,8,0%,28.25
https://www.pronto-24.com/calderas/cp/07010,0,8,0%,28.38
https://www.pronto-24.com/electricista/cp/38001,0,8,0%,28.62
https://www.pronto-24.com/desatascos/cp/10739,0,8,0%,29.12
https://www.pronto-24.com/desatascos/cp/22001,0,8,0%,29.62
https://www.pronto-24.com/desatascos/cp/02400,0,8,0%,30.38
https://www.pronto-24.com/fontanero/cp/06470/,0,8,0%,30.62
https://www.pronto-24.com/desatascos/cp/03590,0,8,0%,31
https://www.pronto-24.com/electricista/cp/23730/,0,8,0%,32.62
https://www.pronto-24.com/desatascos/cp/12200,0,8,0%,35
https://www.pronto-24.com/desatascos/cp/45516/,0,8,0%,37.38
https://www.pronto-24.com/cerrajero/cp/26002/,0,8,0%,40.12
https://www.pronto-24.com/electricista/cp/10200,0,8,0%,40.5
https://www.pronto-24.com/desatascos/cp/38900,0,8,0%,41.25
https://www.pronto-24.com/desatascos/cp/32003,0,8,0%,42.38
https://www.pronto-24.com/desatascos/cp/21800/,0,8,0%,43
https://www.pronto-24.com/calderas/cp/16239,0,8,0%,43.75
https://www.pronto-24.com/desatascos/cp/16649/,0,8,0%,44.88
https://www.pronto-24.com/electricista/cp/50022,0,8,0%,45.88
https://www.pronto-24.com/desatascos/cp/08027/,0,8,0%,49.5
https://www.pronto-24.com/cerrajero/cp/41610/,0,8,0%,52.38
https://www.pronto-24.com/desatascos/cp/11280/,0,8,0%,53.25
https://www.pronto-24.com/desatascos/cp/46500,0,8,0%,53.75
https://www.pronto-24.com/cerrajero/cp/33567,0,8,0%,54.25
https://www.pronto-24.com/desatascos/cp/16080/,0,8,0%,54.62
https://www.pronto-24.com/desatascos/cp/22080,0,8,0%,54.75
https://www.pronto-24.com/cerrajero/cp/43548/,0,8,0%,57.25
https://www.pronto-24.com/desatascos/cp/08340/,0,8,0%,57.5
https://www.pronto-24.com/cerrajero/cp/47130/,0,8,0%,57.88
https://www.pronto-24.com/cerrajero/cp/28240/,0,8,0%,58.12
https://www.pronto-24.com/cerrajero/cp/36392/,0,8,0%,58.25
https://www.pronto-24.com/calderas/cp/04560/,0,8,0%,59.12
https://www.pronto-24.com/desatascos/cp/38500,0,8,0%,59.12
https://www.pronto-24.com/cerrajero/cp/36001,0,8,0%,59.25
https://www.pronto-24.com/desatascos/cp/28918,0,8,0%,59.25
https://www.pronto-24.com/fontanero/cp/15003,0,8,0%,60
https://www.pronto-24.com/desatascos/cp/11071,0,8,0%,60.62
https://www.pronto-24.com/desatascos/cp/24401,0,8,0%,61.38
https://www.pronto-24.com/desatascos/cp/28937/,0,8,0%,61.38
https://www.pronto-24.com/cerrajero/cp/47014,0,8,0%,61.75
https://www.pronto-24.com/cerrajero/cp/45215/,0,8,0%,62.25
https://www.pronto-24.com/calderas/cp/28692/,0,8,0%,62.62
https://www.pronto-24.com/cerrajero/cp/47016/,0,8,0%,64.38
https://www.pronto-24.com/cerrajero/cp/05070,0,8,0%,65.38
https://www.pronto-24.com/calderas/cp/24750/,0,8,0%,65.62
https://www.pronto-24.com/desatascos/cp/35013,0,8,0%,67
https://www.pronto-24.com/calderas/cp/16440/,0,8,0%,69
https://www.pronto-24.com/cerrajero/cp/17123,0,8,0%,71
https://www.pronto-24.com/desatascos/cp/45694,0,8,0%,71.25
https://www.pronto-24.com/cerrajero/cp/33200/,0,8,0%,72
https://www.pronto-24.com/electricista/cp/43005,0,8,0%,73
https://www.pronto-24.com/calderas/cp/28029/,0,8,0%,73.25
https://www.pronto-24.com/cerrajero/cp/31007,0,8,0%,73.5
https://www.pronto-24.com/calderas/cp/08140,0,8,0%,73.75
https://www.pronto-24.com/desatascos/cp/10490,0,8,0%,74.12
https://www.pronto-24.com/desatascos/cp/08226,0,8,0%,74.25
https://www.pronto-24.com/cerrajero/cp/10820/,0,8,0%,74.88
https://www.pronto-24.com/calderas/cp/08970,0,8,0%,75.5
https://www.pronto-24.com/electricista/cp/28085/,0,8,0%,76.62
https://www.pronto-24.com/cerrajero/cp/41002/,0,8,0%,77.88
https://www.pronto-24.com/fontanero/cp/27413/,0,8,0%,79.62
https://www.pronto-24.com/cerrajero/cp/07014,0,8,0%,80.88
https://www.pronto-24.com/desatascos/cp/28902/,0,8,0%,80.88
https://www.pronto-24.com/cerrajero/cp/08914/,0,8,0%,83.88
https://www.pronto-24.com/calderas/cp/42142,0,8,0%,85.5
https://www.pronto-24.com/desatascos/cp/28640,0,8,0%,87.5
https://www.pronto-24.com/cerrajero/cp/45710,0,8,0%,87.75
https://www.pronto-24.com/desatascos/cp/43850,0,8,0%,93.62
https://www.pronto-24.com/desatascos/cp/25212,0,8,0%,93.75
https://www.pronto-24.com/desatascos/cp/07183,0,7,0%,2.71
https://www.pronto-24.com/desatascos/cp/13710/,0,7,0%,3
https://www.pronto-24.com/desatascos/cp/21740/,0,7,0%,3
https://www.pronto-24.com/desatascos/cp/02240,0,7,0%,3.57
https://www.pronto-24.com/desatascos/cp/07190,0,7,0%,3.86
https://www.pronto-24.com/desatascos/cp/27700/,0,7,0%,5
https://www.pronto-24.com/desatascos/cp/06460/,0,7,0%,5.43
https://www.pronto-24.com/desatascos/cp/06500/,0,7,0%,6
https://www.pronto-24.com/desatascos/cp/26142,0,7,0%,6
https://www.pronto-24.com/desatascos/cp/33630/,0,7,0%,6
https://www.pronto-24.com/electricista/cp/02300,0,7,0%,6.57
https://www.pronto-24.com/desatascos/cp/18500,0,7,0%,6.71
https://www.pronto-24.com/calderas/cp/33114,0,7,0%,6.86
https://www.pronto-24.com/desatascos/cp/04800,0,7,0%,7.43
https://www.pronto-24.com/desatascos/cp/03581,0,7,0%,8.14
https://www.pronto-24.com/desatascos/cp/36681/,0,7,0%,8.43
https://www.pronto-24.com/desatascos/cp/04770/,0,7,0%,8.57
https://www.pronto-24.com/cerrajero/cp/50720,0,7,0%,10
https://www.pronto-24.com/desatascos/cp/46720,0,7,0%,10
https://www.pronto-24.com/desatascos/cp/50312,0,7,0%,10
https://www.pronto-24.com/desatascos/cp/03630/,0,7,0%,10.29
https://www.pronto-24.com/cerrajero/cp/07191,0,7,0%,11.14
https://www.pronto-24.com/desatascos/cp/09400/,0,7,0%,11.14
https://www.pronto-24.com/desatascos/cp/21610/,0,7,0%,11.29
https://www.pronto-24.com/electricista/cp/13670,0,7,0%,11.29
https://www.pronto-24.com/desatascos/cp/20100/,0,7,0%,11.57
https://www.pronto-24.com/cerrajero/cp/02637/,0,7,0%,12.14
https://www.pronto-24.com/cerrajero/cp/13600,0,7,0%,13
https://www.pronto-24.com/cerrajero/cp/04131,0,7,0%,15.14
https://www.pronto-24.com/cerrajero/cp/04760/,0,7,0%,15.86
https://www.pronto-24.com/cerrajero/cp/06476,0,7,0%,17.14
https://www.pronto-24.com/cerrajero/cp/07816/,0,7,0%,19
https://www.pronto-24.com/cerrajero/cp/27161,0,7,0%,19.14
https://www.pronto-24.com/desatascos/cp/03012/,0,7,0%,21.29
https://www.pronto-24.com/cerrajero/cp/15620,0,7,0%,22.71
https://www.pronto-24.com/cerrajero/cp/24004/,0,7,0%,25.71
https://www.pronto-24.com/cerrajero/cp/07570,0,7,0%,26.14
https://www.pronto-24.com/desatascos/cp/41720,0,7,0%,27
https://www.pronto-24.com/desatascos/cp/45710/,0,7,0%,27.86
https://www.pronto-24.com/fontanero/cp/08011,0,7,0%,33
https://www.pronto-24.com/fontanero/cp/36203/,0,7,0%,33.14
https://www.pronto-24.com/fontanero/cp/15703,0,7,0%,33.57
https://www.pronto-24.com/cerrajero/cp/40392/,0,7,0%,33.86
https://www.pronto-24.com/desatascos/cp/21730/,0,7,0%,34.43
https://www.pronto-24.com/cerrajero/cp/06810/,0,7,0%,35.29
https://www.pronto-24.com/desatascos/cp/02640,0,7,0%,35.71
https://www.pronto-24.com/cerrajero/cp/46133/,0,7,0%,37.14
https://www.pronto-24.com/electricista/cp/26540,0,7,0%,38
https://www.pronto-24.com/cerrajero/cp/07340,0,7,0%,39.29
https://www.pronto-24.com/cerrajero/cp/07210,0,7,0%,39.86
https://www.pronto-24.com/desatascos/cp/43850/,0,7,0%,40
https://www.pronto-24.com/desatascos/cp/33070,0,7,0%,40.57
https://www.pronto-24.com/desatascos/cp/45210,0,7,0%,40.71
https://www.pronto-24.com/fontanero/cp/11600,0,7,0%,41.57
https://www.pronto-24.com/desatascos/cp/11204/,0,7,0%,41.71
https://www.pronto-24.com/cerrajero/cp/06446,0,7,0%,43.43
https://www.pronto-24.com/desatascos/cp/33012/,0,7,0%,43.86
https://www.pronto-24.com/fontanero/cp/11690,0,7,0%,44.29
https://www.pronto-24.com/cerrajero/cp/25746/,0,7,0%,44.86
https://www.pronto-24.com/desatascos/cp/06893,0,7,0%,46.57
https://www.pronto-24.com/desatascos/cp/25680/,0,7,0%,46.57
https://www.pronto-24.com/calderas/cp/03390/,0,7,0%,46.71
https://www.pronto-24.com/desatascos/cp/11271/,0,7,0%,48
https://www.pronto-24.com/cerrajero/cp/32693,0,7,0%,48.86
https://www.pronto-24.com/electricista/cp/50022/,0,7,0%,49.57
https://www.pronto-24.com/cerrajero/cp/47674,0,7,0%,49.86
https://www.pronto-24.com/desatascos/cp/17800/,0,7,0%,50.29
https://www.pronto-24.com/fontanero/cp/10220/,0,7,0%,51.71
https://www.pronto-24.com/desatascos/cp/13300,0,7,0%,52.57
https://www.pronto-24.com/desatascos/cp/45694/,0,7,0%,52.57
https://www.pronto-24.com/desatascos/cp/32693,0,7,0%,55
https://www.pronto-24.com/cerrajero/cp/35450/,0,7,0%,55.29
https://www.pronto-24.com/fontanero/cp/28223,0,7,0%,55.43
https://www.pronto-24.com/desatascos/cp/11549/,0,7,0%,55.86
https://www.pronto-24.com/cerrajero/cp/21430/,0,7,0%,56
https://www.pronto-24.com/cerrajero/cp/02520/,0,7,0%,56.86
https://www.pronto-24.com/desatascos/cp/08248/,0,7,0%,56.86
https://www.pronto-24.com/cerrajero/cp/40005,0,7,0%,57.86
https://www.pronto-24.com/calderas/cp/36005/,0,7,0%,58.57
https://www.pronto-24.com/cerrajero/cp/46711/,0,7,0%,58.71
https://www.pronto-24.com/electricista/cp/43005/,0,7,0%,58.71
https://www.pronto-24.com/fontanero/cp/12500/,0,7,0%,59.86
https://www.pronto-24.com/fontanero/cp/28232/,0,7,0%,60
https://www.pronto-24.com/cerrajero/cp/21540,0,7,0%,61.57
https://www.pronto-24.com/desatascos/cp/28918/,0,7,0%,61.57
https://www.pronto-24.com/desatascos/cp/28802/,0,7,0%,62.29
https://www.pronto-24.com/electricista/cp/06500,0,7,0%,64.29
https://www.pronto-24.com/cerrajero/cp/43590/,0,7,0%,64.43
https://www.pronto-24.com/desatascos/cp/03319,0,7,0%,64.43
https://www.pronto-24.com/desatascos/cp/23212/,0,7,0%,64.43
https://www.pronto-24.com/cerrajero/cp/25230,0,7,0%,65.43
https://www.pronto-24.com/desatascos/cp/28692/,0,7,0%,65.86
https://www.pronto-24.com/cerrajero/cp/31005/,0,7,0%,67.86
https://www.pronto-24.com/fontanero/cp/28085/,0,7,0%,67.86
https://www.pronto-24.com/cerrajero/cp/36312,0,7,0%,69.71
https://www.pronto-24.com/desatascos/cp/33202/,0,7,0%,70.29
https://www.pronto-24.com/fontanero/cp/28595/,0,7,0%,71.14
https://www.pronto-24.com/calderas/cp/28580/,0,7,0%,73.57
https://www.pronto-24.com/desatascos/cp/49022,0,7,0%,74.14
https://www.pronto-24.com/cerrajero/cp/03182,0,7,0%,74.71
https://www.pronto-24.com/desatascos/cp/15771,0,7,0%,74.71
https://www.pronto-24.com/cerrajero/cp/36318,0,7,0%,75
https://www.pronto-24.com/cerrajero/cp/38007/,0,7,0%,75.43
https://www.pronto-24.com/fontanero/cp/48900,0,7,0%,76.86
https://www.pronto-24.com/electricista/cp/28976/,0,7,0%,77.29
https://www.pronto-24.com/cerrajero/cp/05001,0,7,0%,80.71
https://www.pronto-24.com/desatascos/cp/08205/,0,7,0%,81.57
https://www.pronto-24.com/desatascos/cp/27697,0,7,0%,82.29
https://www.pronto-24.com/desatascos/cp/15071,0,7,0%,83
https://www.pronto-24.com/desatascos/cp/21330,0,7,0%,83.71
https://www.pronto-24.com/desatascos/cp/06007/,0,7,0%,84.57
https://www.pronto-24.com/desatascos/cp/38915/,0,7,0%,84.71
https://www.pronto-24.com/electricista/cp/42004,0,7,0%,85.43
https://www.pronto-24.com/cerrajero/cp/46540/,0,7,0%,86.14
https://www.pronto-24.com/cerrajero/cp/43810/,0,7,0%,87
https://www.pronto-24.com/desatascos/cp/08207,0,7,0%,89.57
https://www.pronto-24.com/cerrajero/cp/17070,0,7,0%,91.57
https://www.pronto-24.com/desatascos/cp/07008/,0,7,0%,94.71
https://www.pronto-24.com/desatascos/cp/16161/,0,6,0%,1.17
https://www.pronto-24.com/cerrajero/cp/04149/,0,6,0%,1.67
https://www.pronto-24.com/desatascos/cp/37682,0,6,0%,2
https://www.pronto-24.com/desatascos/cp/46229,0,6,0%,2.5
https://www.pronto-24.com/desatascos/cp/49500,0,6,0%,2.83
https://www.pronto-24.com/desatascos/cp/14548,0,6,0%,3.17
https://www.pronto-24.com/desatascos/cp/18199,0,6,0%,4.33
https://www.pronto-24.com/desatascos/cp/12570/,0,6,0%,4.5
https://www.pronto-24.com/desatascos/cp/13580,0,6,0%,4.83
https://www.pronto-24.com/desatascos/cp/12549,0,6,0%,5.67
https://www.pronto-24.com/desatascos/cp/26142/,0,6,0%,5.83
https://www.pronto-24.com/desatascos/cp/36500/,0,6,0%,7
https://www.pronto-24.com/desatascos/cp/05489/,0,6,0%,7.17
https://www.pronto-24.com/desatascos/cp/16200/,0,6,0%,7.17
https://www.pronto-24.com/desatascos/cp/17487,0,6,0%,7.33
https://www.pronto-24.com/desatascos/cp/18197,0,6,0%,7.67
https://www.pronto-24.com/desatascos/cp/18240,0,6,0%,7.67
https://www.pronto-24.com/cerrajero/cp/50173,0,6,0%,8.5
https://www.pronto-24.com/desatascos/cp/46720/,0,6,0%,8.5
https://www.pronto-24.com/desatascos/cp/16660,0,6,0%,8.67
https://www.pronto-24.com/desatascos/cp/25587,0,6,0%,8.67
https://www.pronto-24.com/fontanero/cp/34100/,0,6,0%,8.67
https://www.pronto-24.com/electricista/cp/45290/,0,6,0%,9.33
https://www.pronto-24.com/calderas/cp/31390,0,6,0%,9.5
https://www.pronto-24.com/desatascos/cp/25000/,0,6,0%,9.83
https://www.pronto-24.com/cerrajero/cp/07192,0,6,0%,10
https://www.pronto-24.com/desatascos/cp/41429/,0,6,0%,10.17
https://www.pronto-24.com/calderas/cp/03310,0,6,0%,10.33
https://www.pronto-24.com/fontanero/cp/15123/,0,6,0%,10.33
https://www.pronto-24.com/cerrajero/cp/14400,0,6,0%,10.5
https://www.pronto-24.com/cerrajero/cp/46290,0,6,0%,10.67
https://www.pronto-24.com/desatascos/cp/07458,0,6,0%,10.83
https://www.pronto-24.com/desatascos/cp/12110/,0,6,0%,10.83
https://www.pronto-24.com/desatascos/cp/18230,0,6,0%,10.83
https://www.pronto-24.com/desatascos/cp/11690,0,6,0%,11.17
https://www.pronto-24.com/cerrajero/cp/46140/,0,6,0%,11.33
https://www.pronto-24.com/desatascos/cp/06207,0,6,0%,11.67
https://www.pronto-24.com/electricista/cp/46035/,0,6,0%,11.83
https://www.pronto-24.com/desatascos/cp/25350,0,6,0%,12
https://www.pronto-24.com/desatascos/cp/07800,0,6,0%,12.17
https://www.pronto-24.com/desatascos/cp/23560,0,6,0%,12.67
https://www.pronto-24.com/desatascos/cp/10269/,0,6,0%,13.33
https://www.pronto-24.com/cerrajero/cp/39560,0,6,0%,14
https://www.pronto-24.com/cerrajero/cp/07630/,0,6,0%,15
https://www.pronto-24.com/desatascos/cp/25210/,0,6,0%,16
https://www.pronto-24.com/desatascos/cp/45700,0,6,0%,17.33
https://www.pronto-24.com/desatascos/cp/28511/,0,6,0%,17.5
https://www.pronto-24.com/desatascos/cp/12600,0,6,0%,17.67
https://www.pronto-24.com/electricista/cp/08390/,0,6,0%,19
https://www.pronto-24.com/fontanero/cp/15703/,0,6,0%,19.5
https://www.pronto-24.com/desatascos/cp/03830/,0,6,0%,20.33
https://www.pronto-24.com/cerrajero/cp/07260,0,6,0%,23.5
https://www.pronto-24.com/desatascos/cp/30329,0,6,0%,23.67
https://www.pronto-24.com/calderas/cp/14540/,0,6,0%,24.17
https://www.pronto-24.com/desatascos/cp/30360,0,6,0%,24.33
https://www.pronto-24.com/electricista/cp/01002,0,6,0%,24.33
https://www.pronto-24.com/electricista/cp/02270,0,6,0%,25.33
https://www.pronto-24.com/desatascos/cp/25610,0,6,0%,25.67
https://www.pronto-24.com/cerrajero/cp/46610,0,6,0%,27
https://www.pronto-24.com/fontanero/cp/03320,0,6,0%,27.33
https://www.pronto-24.com/cerrajero/cp/25331,0,6,0%,27.83
https://www.pronto-24.com/electricista/cp/04240/,0,6,0%,28.5
https://www.pronto-24.com/cerrajero/cp/17200/,0,6,0%,29.17
https://www.pronto-24.com/desatascos/cp/16611,0,6,0%,32.83
https://www.pronto-24.com/cerrajero/cp/07620/,0,6,0%,33
https://www.pronto-24.com/cerrajero/cp/45513,0,6,0%,33.67
https://www.pronto-24.com/fontanero/cp/11640/,0,6,0%,34
https://www.pronto-24.com/desatascos/cp/22080/,0,6,0%,34.83
https://www.pronto-24.com/fontanero/cp/28290,0,6,0%,36.17
https://www.pronto-24.com/desatascos/cp/21440,0,6,0%,36.67
https://www.pronto-24.com/electricista/cp/03000/,0,6,0%,37.67
https://www.pronto-24.com/desatascos/cp/46388/,0,6,0%,38.17
https://www.pronto-24.com/desatascos/cp/15981,0,6,0%,39.67
https://www.pronto-24.com/cerrajero/cp/01012/,0,6,0%,40.67
https://www.pronto-24.com/calderas/cp/41008,0,6,0%,41
https://www.pronto-24.com/fontanero/cp/25180/,0,6,0%,41
https://www.pronto-24.com/cerrajero/cp/35200/,0,6,0%,41.5
https://www.pronto-24.com/calderas/cp/28051,0,6,0%,42.17
https://www.pronto-24.com/desatascos/cp/30880,0,6,0%,43.5
https://www.pronto-24.com/desatascos/cp/10600,0,6,0%,43.67
https://www.pronto-24.com/cerrajero/cp/11630,0,6,0%,43.83
https://www.pronto-24.com/fontanero/cp/28230/,0,6,0%,44.33
https://www.pronto-24.com/desatascos/cp/15070,0,6,0%,44.83
https://www.pronto-24.com/cerrajero/cp/36001/,0,6,0%,45
https://www.pronto-24.com/cerrajero/cp/03400/,0,6,0%,45.83
https://www.pronto-24.com/cerrajero/cp/03004/,0,6,0%,46.33
https://www.pronto-24.com/cerrajero/cp/03177/,0,6,0%,46.67
https://www.pronto-24.com/cerrajero/cp/03348,0,6,0%,47.67
https://www.pronto-24.com/desatascos/cp/10003,0,6,0%,47.67
https://www.pronto-24.com/desatascos/cp/15070/,0,6,0%,48
https://www.pronto-24.com/desatascos/cp/32315/,0,6,0%,48
https://www.pronto-24.com/cerrajero/cp/03014,0,6,0%,48.33
https://www.pronto-24.com/cerrajero/cp/12080,0,6,0%,48.33
https://www.pronto-24.com/cerrajero/cp/36794/,0,6,0%,48.5
https://www.pronto-24.com/cerrajero/cp/15685,0,6,0%,49.33
https://www.pronto-24.com/desatascos/cp/10109/,0,6,0%,49.83
https://www.pronto-24.com/desatascos/cp/38207,0,6,0%,50
https://www.pronto-24.com/desatascos/cp/20001/,0,6,0%,50.17
https://www.pronto-24.com/electricista/cp/17005/,0,6,0%,50.5
https://www.pronto-24.com/desatascos/cp/09070/,0,6,0%,51.17
https://www.pronto-24.com/desatascos/cp/28219/,0,6,0%,51.67
https://www.pronto-24.com/desatascos/cp/48009,0,6,0%,52.83
https://www.pronto-24.com/desatascos/cp/02002,0,6,0%,53
https://www.pronto-24.com/fontanero/cp/14006/,0,6,0%,53.5
https://www.pronto-24.com/cerrajero/cp/08210,0,6,0%,53.67
https://www.pronto-24.com/desatascos/cp/03800/,0,6,0%,53.67
https://www.pronto-24.com/calderas/cp/24007/,0,6,0%,54
https://www.pronto-24.com/cerrajero/cp/05001/,0,6,0%,54.67
https://www.pronto-24.com/cerrajero/cp/45534,0,6,0%,55.17
https://www.pronto-24.com/desatascos/cp/50171/,0,6,0%,55.17
https://www.pronto-24.com/desatascos/cp/16122/,0,6,0%,55.5
https://www.pronto-24.com/desatascos/cp/08290/,0,6,0%,55.83
https://www.pronto-24.com/fontanero/cp/18009/,0,6,0%,56.17
https://www.pronto-24.com/cerrajero/cp/45524,0,6,0%,56.5
https://www.pronto-24.com/desatascos/cp/33070/,0,6,0%,56.83
https://www.pronto-24.com/cerrajero/cp/08310/,0,6,0%,57.5
https://www.pronto-24.com/fontanero/cp/50000,0,6,0%,57.5
https://www.pronto-24.com/cerrajero/cp/08730,0,6,0%,57.67
https://www.pronto-24.com/calderas/cp/21840/,0,6,0%,58
https://www.pronto-24.com/desatascos/cp/28813,0,6,0%,58
https://www.pronto-24.com/electricista/cp/42071/,0,6,0%,58.5
https://www.pronto-24.com/desatascos/cp/46000/,0,6,0%,58.67
https://www.pronto-24.com/fontanero/cp/14008/,0,6,0%,58.67
https://www.pronto-24.com/cerrajero/cp/15071,0,6,0%,59.33
https://www.pronto-24.com/cerrajero/cp/08730/,0,6,0%,60.5
https://www.pronto-24.com/cerrajero/cp/40071,0,6,0%,60.5
https://www.pronto-24.com/calderas/cp/28009/,0,6,0%,61
https://www.pronto-24.com/desatascos/cp/28920,0,6,0%,61.17
https://www.pronto-24.com/desatascos/cp/08230/,0,6,0%,62.17
https://www.pronto-24.com/desatascos/cp/08240/,0,6,0%,62.33
https://www.pronto-24.com/fontanero/cp/28933,0,6,0%,62.33
https://www.pronto-24.com/cerrajero/cp/08780/,0,6,0%,63
https://www.pronto-24.com/calderas/cp/45179,0,6,0%,63.17
https://www.pronto-24.com/desatascos/cp/11008,0,6,0%,63.33
https://www.pronto-24.com/electricista/cp/29007/,0,6,0%,63.5
https://www.pronto-24.com/cerrajero/cp/08170/,0,6,0%,63.67
https://www.pronto-24.com/fontanero/cp/17230/,0,6,0%,65
https://www.pronto-24.com/fontanero/cp/12001/,0,6,0%,65.17
https://www.pronto-24.com/cerrajero/cp/26300,0,6,0%,65.33
https://www.pronto-24.com/desatascos/cp/01006,0,6,0%,66
https://www.pronto-24.com/desatascos/cp/28817,0,6,0%,66.17
https://www.pronto-24.com/cerrajero/cp/41005,0,6,0%,66.33
https://www.pronto-24.com/desatascos/cp/02080/,0,6,0%,66.5
https://www.pronto-24.com/calderas/cp/17005/,0,6,0%,66.83
https://www.pronto-24.com/electricista/cp/08507,0,6,0%,69.33
https://www.pronto-24.com/desatascos/cp/14006,0,6,0%,69.83
https://www.pronto-24.com/fontanero/cp/28909,0,6,0%,69.83
https://www.pronto-24.com/desatascos/cp/15707/,0,6,0%,70
https://www.pronto-24.com/fontanero/cp/08192/,0,6,0%,70
https://www.pronto-24.com/desatascos/cp/15007/,0,6,0%,70.17
https://www.pronto-24.com/fontanero/cp/33798,0,6,0%,71.33
https://www.pronto-24.com/desatascos/cp/10071/,0,6,0%,71.67
https://www.pronto-24.com/desatascos/cp/10070/,0,6,0%,72.17
https://www.pronto-24.com/cerrajero/cp/15687/,0,6,0%,72.67
https://www.pronto-24.com/cerrajero/cp/24008/,0,6,0%,72.83
https://www.pronto-24.com/fontanero/cp/04745/,0,6,0%,73
https://www.pronto-24.com/electricista/cp/30381,0,6,0%,73.17
https://www.pronto-24.com/desatascos/cp/47015/,0,6,0%,73.33
https://www.pronto-24.com/desatascos/cp/11008/,0,6,0%,73.83
https://www.pronto-24.com/electricista/cp/39520/,0,6,0%,74
https://www.pronto-24.com/desatascos/cp/35013/,0,6,0%,76.17
https://www.pronto-24.com/calderas/cp/04450/,0,6,0%,76.33
https://www.pronto-24.com/desatascos/cp/43005/,0,6,0%,76.33
https://www.pronto-24.com/desatascos/cp/47232,0,6,0%,77.17
https://www.pronto-24.com/electricista/cp/24887,0,6,0%,78
https://www.pronto-24.com/fontanero/cp/06430,0,6,0%,78.67
https://www.pronto-24.com/electricista/cp/28230/,0,6,0%,78.83
https://www.pronto-24.com/fontanero/cp/06109/,0,6,0%,79
https://www.pronto-24.com/desatascos/cp/14100,0,6,0%,79.17
https://www.pronto-24.com/electricista/cp/38788/,0,6,0%,79.17
https://www.pronto-24.com/desatascos/cp/15704,0,6,0%,79.83
https://www.pronto-24.com/desatascos/cp/08760/,0,6,0%,80.67
https://www.pronto-24.com/cerrajero/cp/21005/,0,6,0%,81.17
https://www.pronto-24.com/desatascos/cp/15071/,0,6,0%,84.5
https://www.pronto-24.com/fontanero/cp/08940/,0,6,0%,84.5
https://www.pronto-24.com/cerrajero/cp/15703,0,6,0%,85.67
https://www.pronto-24.com/desatascos/cp/15770/,0,6,0%,85.67
https://www.pronto-24.com/cerrajero/cp/08850/,0,6,0%,85.83
https://www.pronto-24.com/desatascos/cp/28730/,0,6,0%,86.17
https://www.pronto-24.com/calderas/cp/28939/,0,6,0%,86.5
https://www.pronto-24.com/desatascos/cp/21003,0,6,0%,86.67
https://www.pronto-24.com/desatascos/cp/09220,0,6,0%,87.33
https://www.pronto-24.com/cerrajero/cp/08805/,0,6,0%,88.67
https://www.pronto-24.com/cerrajero/cp/47080,0,6,0%,88.83
https://www.pronto-24.com/cerrajero/cp/31013,0,6,0%,89.17
https://www.pronto-24.com/cerrajero/cp/42165,0,6,0%,89.67
https://www.pronto-24.com/cerrajero/cp/19184,0,6,0%,89.83
https://www.pronto-24.com/desatascos/cp/18002,0,6,0%,90.33
https://www.pronto-24.com/cerrajero/cp/43840,0,6,0%,90.5
https://www.pronto-24.com/desatascos/cp/25198/,0,6,0%,90.5
https://www.pronto-24.com/cerrajero/cp/43002,0,6,0%,91.33
https://www.pronto-24.com/fontanero/cp/28054/,0,6,0%,93
https://www.pronto-24.com/desatascos/cp/04116/,0,6,0%,95.5
https://www.pronto-24.com/desatascos/cp/03688,0,5,0%,2.4
https://www.pronto-24.com/desatascos/cp/06600/,0,5,0%,2.4
https://www.pronto-24.com/desatascos/cp/16650/,0,5,0%,3
https://www.pronto-24.com/desatascos/cp/03727/,0,5,0%,3.2
https://www.pronto-24.com/desatascos/cp/03727,0,5,0%,3.6
https://www.pronto-24.com/desatascos/cp/41770/,0,5,0%,3.8
https://www.pronto-24.com/desatascos/cp/27592/,0,5,0%,4
https://www.pronto-24.com/desatascos/cp/45523,0,5,0%,4.2
https://www.pronto-24.com/desatascos/cp/35620,0,5,0%,4.8
https://www.pronto-24.com/desatascos/cp/18170,0,5,0%,5.2
https://www.pronto-24.com/desatascos/cp/21720/,0,5,0%,5.8
https://www.pronto-24.com/fontanero/cp/46229/,0,5,0%,5.8
https://www.pronto-24.com/desatascos/cp/14650,0,5,0%,6.2
https://www.pronto-24.com/desatascos/cp/21640/,0,5,0%,6.4
https://www.pronto-24.com/desatascos/cp/14120,0,5,0%,6.6
https://www.pronto-24.com/desatascos/cp/31180,0,5,0%,6.8
https://www.pronto-24.com/desatascos/cp/35130/,0,5,0%,7.4
https://www.pronto-24.com/electricista/cp/13740/,0,5,0%,7.6
https://www.pronto-24.com/desatascos/cp/03179/,0,5,0%,8
https://www.pronto-24.com/desatascos/cp/11330/,0,5,0%,8
https://www.pronto-24.com/desatascos/cp/40352/,0,5,0%,8.2
https://www.pronto-24.com/desatascos/cp/22820,0,5,0%,8.8
https://www.pronto-24.com/desatascos/cp/51003/,0,5,0%,8.8
https://www.pronto-24.com/desatascos/cp/16660/,0,5,0%,9
https://www.pronto-24.com/desatascos/cp/30561/,0,5,0%,9.2
https://www.pronto-24.com/desatascos/cp/50312/,0,5,0%,9.2
https://www.pronto-24.com/cerrajero/cp/10260/,0,5,0%,9.4
https://www.pronto-24.com/desatascos/cp/45840,0,5,0%,9.4